,time,date,stock_code_x,current_hour_pillar,current_day_pillar,current_day_pillar_minus,current_hour_pillar_minus,current_month_pillar,current_year_pillar,current_year_pillar_minus,current_month_pillar_minus,current_wuxi_hour,current_wuxi_day,current_wuxi_month,current_wuxi_year,base_year_pillar,base_month_pillar,base_day_pillar,base_hour_pillar,base_month_pillar_minus,base_hour_pillar_minus,base_year_pillar_minus,base_day_pillar_minus,stock_code_y,uuid,last_modified_date,year,month,day,hour,dayofweek,quarter,is_month_start,is_month_end,is_quarter_start,is_quarter_end,is_year_start,is_year_end,dayofyear,weekofyear,current_hour_pillar_heavenly,current_hour_pillar_earthly,current_hour_pillar_heavenly_sin,current_hour_pillar_heavenly_cos,current_hour_pillar_earthly_sin,current_hour_pillar_earthly_cos,current_day_pillar_heavenly,current_day_pillar_earthly,current_day_pillar_heavenly_sin,current_day_pillar_heavenly_cos,current_day_pillar_earthly_sin,current_day_pillar_earthly_cos,current_day_pillar_minus_heavenly,current_day_pillar_minus_earthly,current_day_pillar_minus_heavenly_sin,current_day_pillar_minus_heavenly_cos,current_day_pillar_minus_earthly_sin,current_day_pillar_minus_earthly_cos,current_hour_pillar_minus_heavenly,current_hour_pillar_minus_earthly,current_hour_pillar_minus_heavenly_sin,current_hour_pillar_minus_heavenly_cos,current_hour_pillar_minus_earthly_sin,current_hour_pillar_minus_earthly_cos,current_month_pillar_heavenly,current_month_pillar_earthly,current_month_pillar_heavenly_sin,current_month_pillar_heavenly_cos,current_month_pillar_earthly_sin,current_month_pillar_earthly_cos,current_year_pillar_heavenly,current_year_pillar_earthly,current_year_pillar_heavenly_sin,current_year_pillar_heavenly_cos,current_year_pillar_earthly_sin,current_year_pillar_earthly_cos,current_year_pillar_minus_heavenly,current_year_pillar_minus_earthly,current_year_pillar_minus_heavenly_sin,current_year_pillar_minus_heavenly_cos,current_year_pillar_minus_earthly_sin,current_year_pillar_minus_earthly_cos,current_month_pillar_minus_heavenly,current_month_pillar_minus_earthly,current_month_pillar_minus_heavenly_sin,current_month_pillar_minus_heavenly_cos,current_month_pillar_minus_earthly_sin,current_month_pillar_minus_earthly_cos,base_year_pillar_heavenly,base_year_pillar_earthly,base_year_pillar_heavenly_sin,base_year_pillar_heavenly_cos,base_year_pillar_earthly_sin,base_year_pillar_earthly_cos,base_month_pillar_heavenly,base_month_pillar_earthly,base_month_pillar_heavenly_sin,base_month_pillar_heavenly_cos,base_month_pillar_earthly_sin,base_month_pillar_earthly_cos,base_day_pillar_heavenly,base_day_pillar_earthly,base_day_pillar_heavenly_sin,base_day_pillar_heavenly_cos,base_day_pillar_earthly_sin,base_day_pillar_earthly_cos,base_hour_pillar_heavenly,base_hour_pillar_earthly,base_hour_pillar_heavenly_sin,base_hour_pillar_heavenly_cos,base_hour_pillar_earthly_sin,base_hour_pillar_earthly_cos,base_month_pillar_minus_heavenly,base_month_pillar_minus_earthly,base_month_pillar_minus_heavenly_sin,base_month_pillar_minus_heavenly_cos,base_month_pillar_minus_earthly_sin,base_month_pillar_minus_earthly_cos,base_hour_pillar_minus_heavenly,base_hour_pillar_minus_earthly,base_hour_pillar_minus_heavenly_sin,base_hour_pillar_minus_heavenly_cos,base_hour_pillar_minus_earthly_sin,base_hour_pillar_minus_earthly_cos,base_year_pillar_minus_heavenly,base_year_pillar_minus_earthly,base_year_pillar_minus_heavenly_sin,base_year_pillar_minus_heavenly_cos,base_year_pillar_minus_earthly_sin,base_year_pillar_minus_earthly_cos,base_day_pillar_minus_heavenly,base_day_pillar_minus_earthly,base_day_pillar_minus_heavenly_sin,base_day_pillar_minus_heavenly_cos,base_day_pillar_minus_earthly_sin,base_day_pillar_minus_earthly_cos,cs_base_hour_current_hour,cs_base_hour_current_day,cs_base_hour_current_hour_minus,cs_base_hour_current_month,cs_base_hour_current_year,cs_base_hour_current_month_minus,cs_base_day_current_hour,cs_base_day_current_day,cs_base_day_current_hour_minus,cs_base_day_current_month,cs_base_day_current_year,cs_base_day_current_month_minus,cs_base_hour_minus_current_hour,cs_base_hour_minus_current_day,cs_base_hour_minus_current_hour_minus,cs_base_hour_minus_current_month,cs_base_hour_minus_current_year,cs_base_hour_minus_current_month_minus,cs_base_month_current_hour,cs_base_month_current_day,cs_base_month_current_hour_minus,cs_base_month_current_month,cs_base_month_current_year,cs_base_month_current_month_minus,cs_base_year_current_hour,cs_base_year_current_day,cs_base_year_current_hour_minus,cs_base_year_current_month,cs_base_year_current_year,cs_base_year_current_month_minus,cs_base_month_minus_current_hour,cs_base_month_minus_current_day,cs_base_month_minus_current_hour_minus,cs_base_month_minus_current_month,cs_base_month_minus_current_year,cs_base_month_minus_current_month_minus
0,2025-06-03 10:35:30.746085+08:00,2025-06-03 10:35:30.746085+08:00,HSI,丁巳,癸卯,戊申,壬戌,丙申,乙巳,庚子,辛卯,甲申,癸辰,庚申,乙未,己酉,乙亥,癸卯,辛酉,庚午,丙寅,甲辰,戊申,HSI,12718124838659686197,2025-06-02 02:35:34.008045+08:00,2025,6,3,10,1,2,False,False,False,False,False,False,154,23,丁,巳,0.951057,-0.309017,0.5,-0.866025,癸,卯,-0.587785,0.809017,1,6.12323e-17,戊,申,0.587785,-0.809017,-0.866025,-0.5,壬,戌,-0.951057,0.309017,-0.866025,0.5,丙,申,0.951057,0.309017,-0.866025,-0.5,乙,巳,0.587785,0.809017,0.5,-0.866025,庚,子,-0.587785,-0.809017,0,1,辛,卯,-0.951057,-0.309017,1,6.12323e-17,己,酉,1.22465e-16,-1,-1,-1.83697e-16,乙,亥,0.587785,0.809017,-0.5,0.866025,癸,卯,-0.587785,0.809017,1,6.12323e-17,辛,酉,-0.951057,-0.309017,-1,-1.83697e-16,庚,午,-0.587785,-0.809017,1.22465e-16,-1,丙,寅,0.951057,0.309017,0.866025,0.5,甲,辰,0,1,0.866025,-0.5,戊,申,0.587785,-0.809017,-0.866025,-0.5,死,絕,冠帶,帝旺,死,絕,胎,長生,衰,死,胎,長生,臨官,沐浴,墓庫,病,臨官,沐浴,沐浴,臨官,墓庫,胎,沐浴,臨官,帝旺,病,養,沐浴,帝旺,病,長生,胎,衰,臨官,長生,胎
1,2025-06-04 10:35:30.746085+08:00,2025-06-04 10:35:30.746085+08:00,HSI,己巳,甲辰,己酉,甲戌,丙申,乙巳,庚子,辛卯,丙申,甲巳,庚申,乙未,己酉,乙亥,癸卯,辛酉,庚午,丙寅,甲辰,戊申,HSI,17023207002325946260,2025-06-02 02:35:34.008045+08:00,2025,6,4,10,2,2,False,False,False,False,False,False,155,23,己,巳,1.22465e-16,-1,0.5,-0.866025,甲,辰,0,1,0.866025,-0.5,己,酉,1.22465e-16,-1,-1,-1.83697e-16,甲,戌,0,1,-0.866025,0.5,丙,申,0.951057,0.309017,-0.866025,-0.5,乙,巳,0.587785,0.809017,0.5,-0.866025,庚,子,-0.587785,-0.809017,0,1,辛,卯,-0.951057,-0.309017,1,6.12323e-17,己,酉,1.22465e-16,-1,-1,-1.83697e-16,乙,亥,0.587785,0.809017,-0.5,0.866025,癸,卯,-0.587785,0.809017,1,6.12323e-17,辛,酉,-0.951057,-0.309017,-1,-1.83697e-16,庚,午,-0.587785,-0.809017,1.22465e-16,-1,丙,寅,0.951057,0.309017,0.866025,0.5,甲,辰,0,1,0.866025,-0.5,戊,申,0.587785,-0.809017,-0.866025,-0.5,死,墓庫,冠帶,帝旺,死,絕,胎,養,衰,死,胎,長生,臨官,冠帶,墓庫,病,臨官,沐浴,沐浴,冠帶,墓庫,胎,沐浴,臨官,帝旺,衰,養,沐浴,帝旺,病,長生,養,衰,臨官,長生,胎
2,2025-06-05 10:35:30.746085+08:00,2025-06-05 10:35:30.746085+08:00,HSI,辛巳,乙巳,庚戌,丙戌,丙申,乙巳,庚子,辛卯,戊申,乙午,庚申,乙未,己酉,乙亥,癸卯,辛酉,庚午,丙寅,甲辰,戊申,HSI,12306003526909387294,2025-06-02 02:35:34.008045+08:00,2025,6,5,10,3,2,False,False,False,False,False,False,156,23,辛,巳,-0.951057,-0.309017,0.5,-0.866025,乙,巳,0.587785,0.809017,0.5,-0.866025,庚,戌,-0.587785,-0.809017,-0.866025,0.5,丙,戌,0.951057,0.309017,-0.866025,0.5,丙,申,0.951057,0.309017,-0.866025,-0.5,乙,巳,0.587785,0.809017,0.5,-0.866025,庚,子,-0.587785,-0.809017,0,1,辛,卯,-0.951057,-0.309017,1,6.12323e-17,己,酉,1.22465e-16,-1,-1,-1.83697e-16,乙,亥,0.587785,0.809017,-0.5,0.866025,癸,卯,-0.587785,0.809017,1,6.12323e-17,辛,酉,-0.951057,-0.309017,-1,-1.83697e-16,庚,午,-0.587785,-0.809017,1.22465e-16,-1,丙,寅,0.951057,0.309017,0.866025,0.5,甲,辰,0,1,0.866025,-0.5,戊,申,0.587785,-0.809017,-0.866025,-0.5,死,死,冠帶,帝旺,死,絕,胎,胎,衰,死,胎,長生,臨官,臨官,墓庫,病,臨官,沐浴,沐浴,沐浴,墓庫,胎,沐浴,臨官,帝旺,帝旺,養,沐浴,帝旺,病,長生,長生,衰,臨官,長生,胎
3,2025-06-06 10:35:30.746085+08:00,2025-06-06 10:35:30.746085+08:00,HSI,癸巳,丙午,辛丑,戊子,壬午,庚申,乙丑,丁亥,庚申,丙未,壬午,乙未,己酉,乙亥,癸卯,辛酉,庚午,丙寅,甲辰,戊申,HSI,10279011672890037848,2025-06-02 02:35:34.008045+08:00,2025,6,6,10,4,2,False,False,False,False,False,False,157,23,癸,巳,-0.587785,0.809017,0.5,-0.866025,丙,午,0.951057,0.309017,1.22465e-16,-1,辛,丑,-0.951057,-0.309017,0.5,0.866025,戊,子,0.587785,-0.809017,0,1,壬,午,-0.951057,0.309017,1.22465e-16,-1,庚,申,-0.587785,-0.809017,-0.866025,-0.5,乙,丑,0.587785,0.809017,0.5,0.866025,丁,亥,0.951057,-0.309017,-0.5,0.866025,己,酉,1.22465e-16,-1,-1,-1.83697e-16,乙,亥,0.587785,0.809017,-0.5,0.866025,癸,卯,-0.587785,0.809017,1,6.12323e-17,辛,酉,-0.951057,-0.309017,-1,-1.83697e-16,庚,午,-0.587785,-0.809017,1.22465e-16,-1,丙,寅,0.951057,0.309017,0.866025,0.5,甲,辰,0,1,0.866025,-0.5,戊,申,0.587785,-0.809017,-0.866025,-0.5,死,病,長生,病,帝旺,沐浴,胎,絕,臨官,絕,死,帝旺,臨官,帝旺,胎,帝旺,病,絕,沐浴,長生,病,長生,胎,死,帝旺,臨官,絕,臨官,沐浴,胎,長生,沐浴,死,沐浴,臨官,病
4,2025-06-09 10:35:30.746085+08:00,2025-06-09 10:35:30.746085+08:00,HSI,己巳,己酉,甲辰,甲子,壬午,庚申,乙丑,丁亥,丙申,己戌,丁午,乙未,己酉,乙亥,癸卯,辛酉,庚午,丙寅,甲辰,戊申,HSI,15982706793945335903,2025-06-02 02:35:34.008045+08:00,2025,6,9,10,0,2,False,False,False,False,False,False,160,24,己,巳,1.22465e-16,-1,0.5,-0.866025,己,酉,1.22465e-16,-1,-1,-1.83697e-16,甲,辰,0,1,0.866025,-0.5,甲,子,0,1,0,1,壬,午,-0.951057,0.309017,1.22465e-16,-1,庚,申,-0.587785,-0.809017,-0.866025,-0.5,乙,丑,0.587785,0.809017,0.5,0.866025,丁,亥,0.951057,-0.309017,-0.5,0.866025,己,酉,1.22465e-16,-1,-1,-1.83697e-16,乙,亥,0.587785,0.809017,-0.5,0.866025,癸,卯,-0.587785,0.809017,1,6.12323e-17,辛,酉,-0.951057,-0.309017,-1,-1.83697e-16,庚,午,-0.587785,-0.809017,1.22465e-16,-1,丙,寅,0.951057,0.309017,0.866025,0.5,甲,辰,0,1,0.866025,-0.5,戊,申,0.587785,-0.809017,-0.866025,-0.5,死,臨官,長生,病,帝旺,沐浴,胎,病,臨官,絕,死,帝旺,臨官,死,胎,帝旺,病,絕,沐浴,絕,病,長生,胎,死,帝旺,長生,絕,臨官,沐浴,胎,長生,帝旺,死,沐浴,臨官,病
5,2025-06-10 10:35:30.746085+08:00,2025-06-10 10:35:30.746085+08:00,HSI,辛巳,庚戌,乙巳,丙子,壬午,庚申,乙丑,丁亥,戊申,庚亥,丁午,乙未,己酉,乙亥,癸卯,辛酉,庚午,丙寅,甲辰,戊申,HSI,16461702922659755355,2025-06-02 02:35:34.008045+08:00,2025,6,10,10,1,2,False,False,False,False,False,False,161,24,辛,巳,-0.951057,-0.309017,0.5,-0.866025,庚,戌,-0.587785,-0.809017,-0.866025,0.5,乙,巳,0.587785,0.809017,0.5,-0.866025,丙,子,0.951057,0.309017,0,1,壬,午,-0.951057,0.309017,1.22465e-16,-1,庚,申,-0.587785,-0.809017,-0.866025,-0.5,乙,丑,0.587785,0.809017,0.5,0.866025,丁,亥,0.951057,-0.309017,-0.5,0.866025,己,酉,1.22465e-16,-1,-1,-1.83697e-16,乙,亥,0.587785,0.809017,-0.5,0.866025,癸,卯,-0.587785,0.809017,1,6.12323e-17,辛,酉,-0.951057,-0.309017,-1,-1.83697e-16,庚,午,-0.587785,-0.809017,1.22465e-16,-1,丙,寅,0.951057,0.309017,0.866025,0.5,甲,辰,0,1,0.866025,-0.5,戊,申,0.587785,-0.809017,-0.866025,-0.5,死,冠帶,長生,病,帝旺,沐浴,胎,衰,臨官,絕,死,帝旺,臨官,墓庫,胎,帝旺,病,絕,沐浴,墓庫,病,長生,胎,死,帝旺,養,絕,臨官,沐浴,胎,長生,衰,死,沐浴,臨官,病
6,2025-06-11 10:35:30.746085+08:00,2025-06-11 10:35:30.746085+08:00,HSI,癸巳,辛亥,丙午,戊子,壬午,庚申,乙丑,丁亥,庚申,辛子,丁午,乙未,己酉,乙亥,癸卯,辛酉,庚午,丙寅,甲辰,戊申,HSI,1363696359480446253,2025-06-02 02:35:34.008045+08:00,2025,6,11,10,2,2,False,False,False,False,False,False,162,24,癸,巳,-0.587785,0.809017,0.5,-0.866025,辛,亥,-0.951057,-0.309017,-0.5,0.866025,丙,午,0.951057,0.309017,1.22465e-16,-1,戊,子,0.587785,-0.809017,0,1,壬,午,-0.951057,0.309017,1.22465e-16,-1,庚,申,-0.587785,-0.809017,-0.866025,-0.5,乙,丑,0.587785,0.809017,0.5,0.866025,丁,亥,0.951057,-0.309017,-0.5,0.866025,己,酉,1.22465e-16,-1,-1,-1.83697e-16,乙,亥,0.587785,0.809017,-0.5,0.866025,癸,卯,-0.587785,0.809017,1,6.12323e-17,辛,酉,-0.951057,-0.309017,-1,-1.83697e-16,庚,午,-0.587785,-0.809017,1.22465e-16,-1,丙,寅,0.951057,0.309017,0.866025,0.5,甲,辰,0,1,0.866025,-0.5,戊,申,0.587785,-0.809017,-0.866025,-0.5,死,沐浴,長生,病,帝旺,沐浴,胎,帝旺,臨官,絕,死,帝旺,臨官,絕,胎,帝旺,病,絕,沐浴,死,病,長生,胎,死,帝旺,胎,絕,臨官,沐浴,胎,長生,病,死,沐浴,臨官,病
7,2025-06-12 10:35:30.746085+08:00,2025-06-12 10:35:30.746085+08:00,HSI,乙巳,壬子,丁未,庚子,壬午,庚申,乙丑,丁亥,壬申,壬丑,戊午,乙未,己酉,乙亥,癸卯,辛酉,庚午,丙寅,甲辰,戊申,HSI,12738790429303259823,2025-06-02 02:35:34.008045+08:00,2025,6,12,10,3,2,False,False,False,False,False,False,163,24,乙,巳,0.587785,0.809017,0.5,-0.866025,壬,子,-0.951057,0.309017,0,1,丁,未,0.951057,-0.309017,-0.5,-0.866025,庚,子,-0.587785,-0.809017,0,1,壬,午,-0.951057,0.309017,1.22465e-16,-1,庚,申,-0.587785,-0.809017,-0.866025,-0.5,乙,丑,0.587785,0.809017,0.5,0.866025,丁,亥,0.951057,-0.309017,-0.5,0.866025,己,酉,1.22465e-16,-1,-1,-1.83697e-16,乙,亥,0.587785,0.809017,-0.5,0.866025,癸,卯,-0.587785,0.809017,1,6.12323e-17,辛,酉,-0.951057,-0.309017,-1,-1.83697e-16,庚,午,-0.587785,-0.809017,1.22465e-16,-1,丙,寅,0.951057,0.309017,0.866025,0.5,甲,辰,0,1,0.866025,-0.5,戊,申,0.587785,-0.809017,-0.866025,-0.5,死,長生,長生,病,帝旺,沐浴,胎,臨官,臨官,絕,死,帝旺,臨官,胎,胎,帝旺,病,絕,沐浴,病,病,長生,胎,死,帝旺,絕,絕,臨官,沐浴,胎,長生,死,死,沐浴,臨官,病
8,2025-06-13 10:35:30.746085+08:00,2025-06-13 10:35:30.746085+08:00,HSI,丁巳,癸丑,戊申,壬子,壬午,庚申,乙丑,丁亥,甲申,癸寅,戊午,乙未,己酉,乙亥,癸卯,辛酉,庚午,丙寅,甲辰,戊申,HSI,2899253288802813814,2025-06-02 02:35:34.008045+08:00,2025,6,13,10,4,2,False,False,False,False,False,False,164,24,丁,巳,0.951057,-0.309017,0.5,-0.866025,癸,丑,-0.587785,0.809017,0.5,0.866025,戊,申,0.587785,-0.809017,-0.866025,-0.5,壬,子,-0.951057,0.309017,0,1,壬,午,-0.951057,0.309017,1.22465e-16,-1,庚,申,-0.587785,-0.809017,-0.866025,-0.5,乙,丑,0.587785,0.809017,0.5,0.866025,丁,亥,0.951057,-0.309017,-0.5,0.866025,己,酉,1.22465e-16,-1,-1,-1.83697e-16,乙,亥,0.587785,0.809017,-0.5,0.866025,癸,卯,-0.587785,0.809017,1,6.12323e-17,辛,酉,-0.951057,-0.309017,-1,-1.83697e-16,庚,午,-0.587785,-0.809017,1.22465e-16,-1,丙,寅,0.951057,0.309017,0.866025,0.5,甲,辰,0,1,0.866025,-0.5,戊,申,0.587785,-0.809017,-0.866025,-0.5,死,養,長生,病,帝旺,沐浴,胎,冠帶,臨官,絕,死,帝旺,臨官,養,胎,帝旺,病,絕,沐浴,衰,病,長生,胎,死,帝旺,墓庫,絕,臨官,沐浴,胎,長生,墓庫,死,沐浴,臨官,病
9,2025-06-16 10:35:30.746085+08:00,2025-06-16 10:35:30.746085+08:00,HSI,癸巳,丙辰,辛亥,戊子,壬午,庚申,乙丑,丁亥,庚申,丙巳,癸午,乙未,己酉,乙亥,癸卯,辛酉,庚午,丙寅,甲辰,戊申,HSI,3326411584369943923,2025-06-02 02:35:34.008045+08:00,2025,6,16,10,0,2,False,False,False,False,False,False,167,25,癸,巳,-0.587785,0.809017,0.5,-0.866025,丙,辰,0.951057,0.309017,0.866025,-0.5,辛,亥,-0.951057,-0.309017,-0.5,0.866025,戊,子,0.587785,-0.809017,0,1,壬,午,-0.951057,0.309017,1.22465e-16,-1,庚,申,-0.587785,-0.809017,-0.866025,-0.5,乙,丑,0.587785,0.809017,0.5,0.866025,丁,亥,0.951057,-0.309017,-0.5,0.866025,己,酉,1.22465e-16,-1,-1,-1.83697e-16,乙,亥,0.587785,0.809017,-0.5,0.866025,癸,卯,-0.587785,0.809017,1,6.12323e-17,辛,酉,-0.951057,-0.309017,-1,-1.83697e-16,庚,午,-0.587785,-0.809017,1.22465e-16,-1,丙,寅,0.951057,0.309017,0.866025,0.5,甲,辰,0,1,0.866025,-0.5,戊,申,0.587785,-0.809017,-0.866025,-0.5,死,墓庫,長生,病,帝旺,沐浴,胎,養,臨官,絕,死,帝旺,臨官,冠帶,胎,帝旺,病,絕,沐浴,冠帶,病,長生,胎,死,帝旺,衰,絕,臨官,沐浴,胎,長生,養,死,沐浴,臨官,病
10,2025-06-17 10:35:30.746085+08:00,2025-06-17 10:35:30.746085+08:00,HSI,乙巳,丁巳,壬子,庚子,壬午,庚申,乙丑,丁亥,壬申,丁午,癸午,乙未,己酉,乙亥,癸卯,辛酉,庚午,丙寅,甲辰,戊申,HSI,3857326824838342479,2025-06-02 02:35:34.008045+08:00,2025,6,17,10,1,2,False,False,False,False,False,False,168,25,乙,巳,0.587785,0.809017,0.5,-0.866025,丁,巳,0.951057,-0.309017,0.5,-0.866025,壬,子,-0.951057,0.309017,0,1,庚,子,-0.587785,-0.809017,0,1,壬,午,-0.951057,0.309017,1.22465e-16,-1,庚,申,-0.587785,-0.809017,-0.866025,-0.5,乙,丑,0.587785,0.809017,0.5,0.866025,丁,亥,0.951057,-0.309017,-0.5,0.866025,己,酉,1.22465e-16,-1,-1,-1.83697e-16,乙,亥,0.587785,0.809017,-0.5,0.866025,癸,卯,-0.587785,0.809017,1,6.12323e-17,辛,酉,-0.951057,-0.309017,-1,-1.83697e-16,庚,午,-0.587785,-0.809017,1.22465e-16,-1,丙,寅,0.951057,0.309017,0.866025,0.5,甲,辰,0,1,0.866025,-0.5,戊,申,0.587785,-0.809017,-0.866025,-0.5,死,死,長生,病,帝旺,沐浴,胎,胎,臨官,絕,死,帝旺,臨官,臨官,胎,帝旺,病,絕,沐浴,沐浴,病,長生,胎,死,帝旺,帝旺,絕,臨官,沐浴,胎,長生,長生,死,沐浴,臨官,病
11,2025-06-18 10:35:30.746085+08:00,2025-06-18 10:35:30.746085+08:00,HSI,丁巳,戊午,癸丑,壬子,壬午,庚申,乙丑,丁亥,甲申,戊未,甲午,乙未,己酉,乙亥,癸卯,辛酉,庚午,丙寅,甲辰,戊申,HSI,16667969703216758241,2025-06-02 02:35:34.008045+08:00,2025,6,18,10,2,2,False,False,False,False,False,False,169,25,丁,巳,0.951057,-0.309017,0.5,-0.866025,戊,午,0.587785,-0.809017,1.22465e-16,-1,癸,丑,-0.587785,0.809017,0.5,0.866025,壬,子,-0.951057,0.309017,0,1,壬,午,-0.951057,0.309017,1.22465e-16,-1,庚,申,-0.587785,-0.809017,-0.866025,-0.5,乙,丑,0.587785,0.809017,0.5,0.866025,丁,亥,0.951057,-0.309017,-0.5,0.866025,己,酉,1.22465e-16,-1,-1,-1.83697e-16,乙,亥,0.587785,0.809017,-0.5,0.866025,癸,卯,-0.587785,0.809017,1,6.12323e-17,辛,酉,-0.951057,-0.309017,-1,-1.83697e-16,庚,午,-0.587785,-0.809017,1.22465e-16,-1,丙,寅,0.951057,0.309017,0.866025,0.5,甲,辰,0,1,0.866025,-0.5,戊,申,0.587785,-0.809017,-0.866025,-0.5,死,病,長生,病,帝旺,沐浴,胎,絕,臨官,絕,死,帝旺,臨官,帝旺,胎,帝旺,病,絕,沐浴,長生,病,長生,胎,死,帝旺,臨官,絕,臨官,沐浴,胎,長生,沐浴,死,沐浴,臨官,病
12,2025-06-19 10:35:30.746085+08:00,2025-06-19 10:35:30.746085+08:00,HSI,己巳,己未,甲寅,甲子,壬午,庚申,乙丑,丁亥,丙申,己申,甲午,乙未,己酉,乙亥,癸卯,辛酉,庚午,丙寅,甲辰,戊申,HSI,11631047139100206660,2025-06-02 02:35:34.008045+08:00,2025,6,19,10,3,2,False,False,False,False,False,False,170,25,己,巳,1.22465e-16,-1,0.5,-0.866025,己,未,1.22465e-16,-1,-0.5,-0.866025,甲,寅,0,1,0.866025,0.5,甲,子,0,1,0,1,壬,午,-0.951057,0.309017,1.22465e-16,-1,庚,申,-0.587785,-0.809017,-0.866025,-0.5,乙,丑,0.587785,0.809017,0.5,0.866025,丁,亥,0.951057,-0.309017,-0.5,0.866025,己,酉,1.22465e-16,-1,-1,-1.83697e-16,乙,亥,0.587785,0.809017,-0.5,0.866025,癸,卯,-0.587785,0.809017,1,6.12323e-17,辛,酉,-0.951057,-0.309017,-1,-1.83697e-16,庚,午,-0.587785,-0.809017,1.22465e-16,-1,丙,寅,0.951057,0.309017,0.866025,0.5,甲,辰,0,1,0.866025,-0.5,戊,申,0.587785,-0.809017,-0.866025,-0.5,死,衰,長生,病,帝旺,沐浴,胎,墓庫,臨官,絕,死,帝旺,臨官,衰,胎,帝旺,病,絕,沐浴,養,病,長生,胎,死,帝旺,冠帶,絕,臨官,沐浴,胎,長生,冠帶,死,沐浴,臨官,病
13,2025-06-20 10:35:30.746085+08:00,2025-06-20 10:35:30.746085+08:00,HSI,辛巳,庚申,乙卯,丙子,壬午,庚申,乙丑,丁亥,戊申,庚酉,甲午,乙未,己酉,乙亥,癸卯,辛酉,庚午,丙寅,甲辰,戊申,HSI,85310925435202504,2025-06-02 02:35:34.008045+08:00,2025,6,20,10,4,2,False,False,False,False,False,False,171,25,辛,巳,-0.951057,-0.309017,0.5,-0.866025,庚,申,-0.587785,-0.809017,-0.866025,-0.5,乙,卯,0.587785,0.809017,1,6.12323e-17,丙,子,0.951057,0.309017,0,1,壬,午,-0.951057,0.309017,1.22465e-16,-1,庚,申,-0.587785,-0.809017,-0.866025,-0.5,乙,丑,0.587785,0.809017,0.5,0.866025,丁,亥,0.951057,-0.309017,-0.5,0.866025,己,酉,1.22465e-16,-1,-1,-1.83697e-16,乙,亥,0.587785,0.809017,-0.5,0.866025,癸,卯,-0.587785,0.809017,1,6.12323e-17,辛,酉,-0.951057,-0.309017,-1,-1.83697e-16,庚,午,-0.587785,-0.809017,1.22465e-16,-1,丙,寅,0.951057,0.309017,0.866025,0.5,甲,辰,0,1,0.866025,-0.5,戊,申,0.587785,-0.809017,-0.866025,-0.5,死,帝旺,長生,病,帝旺,沐浴,胎,死,臨官,絕,死,帝旺,臨官,病,胎,帝旺,病,絕,沐浴,胎,病,長生,胎,死,帝旺,沐浴,絕,臨官,沐浴,胎,長生,臨官,死,沐浴,臨官,病
14,2025-06-23 10:35:30.746085+08:00,2025-06-23 10:35:30.746085+08:00,HSI,丁巳,癸亥,戊午,壬子,丁酉,庚申,乙丑,壬寅,甲申,癸子,己酉,乙未,己酉,乙亥,癸卯,辛酉,庚午,丙寅,甲辰,戊申,HSI,13420053606370450895,2025-06-02 02:35:34.008045+08:00,2025,6,23,10,0,2,False,False,False,False,False,False,174,26,丁,巳,0.951057,-0.309017,0.5,-0.866025,癸,亥,-0.587785,0.809017,-0.5,0.866025,戊,午,0.587785,-0.809017,1.22465e-16,-1,壬,子,-0.951057,0.309017,0,1,丁,酉,0.951057,-0.309017,-1,-1.83697e-16,庚,申,-0.587785,-0.809017,-0.866025,-0.5,乙,丑,0.587785,0.809017,0.5,0.866025,壬,寅,-0.951057,0.309017,0.866025,0.5,己,酉,1.22465e-16,-1,-1,-1.83697e-16,乙,亥,0.587785,0.809017,-0.5,0.866025,癸,卯,-0.587785,0.809017,1,6.12323e-17,辛,酉,-0.951057,-0.309017,-1,-1.83697e-16,庚,午,-0.587785,-0.809017,1.22465e-16,-1,丙,寅,0.951057,0.309017,0.866025,0.5,甲,辰,0,1,0.866025,-0.5,戊,申,0.587785,-0.809017,-0.866025,-0.5,死,沐浴,長生,臨官,帝旺,胎,胎,帝旺,臨官,病,死,沐浴,臨官,絕,胎,死,病,長生,沐浴,死,病,絕,胎,帝旺,帝旺,胎,絕,長生,沐浴,死,長生,病,死,帝旺,臨官,絕
15,2025-06-24 10:35:30.746085+08:00,2025-06-24 10:35:30.746085+08:00,HSI,己巳,甲子,己未,甲子,丁酉,庚申,乙丑,壬寅,丙申,甲丑,己酉,乙未,己酉,乙亥,癸卯,辛酉,庚午,丙寅,甲辰,戊申,HSI,5357471730890795933,2025-06-02 02:35:34.008045+08:00,2025,6,24,10,1,2,False,False,False,False,False,False,175,26,己,巳,1.22465e-16,-1,0.5,-0.866025,甲,子,0,1,0,1,己,未,1.22465e-16,-1,-0.5,-0.866025,甲,子,0,1,0,1,丁,酉,0.951057,-0.309017,-1,-1.83697e-16,庚,申,-0.587785,-0.809017,-0.866025,-0.5,乙,丑,0.587785,0.809017,0.5,0.866025,壬,寅,-0.951057,0.309017,0.866025,0.5,己,酉,1.22465e-16,-1,-1,-1.83697e-16,乙,亥,0.587785,0.809017,-0.5,0.866025,癸,卯,-0.587785,0.809017,1,6.12323e-17,辛,酉,-0.951057,-0.309017,-1,-1.83697e-16,庚,午,-0.587785,-0.809017,1.22465e-16,-1,丙,寅,0.951057,0.309017,0.866025,0.5,甲,辰,0,1,0.866025,-0.5,戊,申,0.587785,-0.809017,-0.866025,-0.5,死,長生,長生,臨官,帝旺,胎,胎,臨官,臨官,病,死,沐浴,臨官,胎,胎,死,病,長生,沐浴,病,病,絕,胎,帝旺,帝旺,絕,絕,長生,沐浴,死,長生,死,死,帝旺,臨官,絕
16,2025-06-25 10:35:30.746085+08:00,2025-06-25 10:35:30.746085+08:00,HSI,辛巳,乙丑,庚申,丙子,丁酉,庚申,乙丑,壬寅,戊申,乙寅,庚酉,乙未,己酉,乙亥,癸卯,辛酉,庚午,丙寅,甲辰,戊申,HSI,2460091657560142810,2025-06-02 02:35:34.008045+08:00,2025,6,25,10,2,2,False,False,False,False,False,False,176,26,辛,巳,-0.951057,-0.309017,0.5,-0.866025,乙,丑,0.587785,0.809017,0.5,0.866025,庚,申,-0.587785,-0.809017,-0.866025,-0.5,丙,子,0.951057,0.309017,0,1,丁,酉,0.951057,-0.309017,-1,-1.83697e-16,庚,申,-0.587785,-0.809017,-0.866025,-0.5,乙,丑,0.587785,0.809017,0.5,0.866025,壬,寅,-0.951057,0.309017,0.866025,0.5,己,酉,1.22465e-16,-1,-1,-1.83697e-16,乙,亥,0.587785,0.809017,-0.5,0.866025,癸,卯,-0.587785,0.809017,1,6.12323e-17,辛,酉,-0.951057,-0.309017,-1,-1.83697e-16,庚,午,-0.587785,-0.809017,1.22465e-16,-1,丙,寅,0.951057,0.309017,0.866025,0.5,甲,辰,0,1,0.866025,-0.5,戊,申,0.587785,-0.809017,-0.866025,-0.5,死,養,長生,臨官,帝旺,胎,胎,冠帶,臨官,病,死,沐浴,臨官,養,胎,死,病,長生,沐浴,衰,病,絕,胎,帝旺,帝旺,墓庫,絕,長生,沐浴,死,長生,墓庫,死,帝旺,臨官,絕
17,2025-06-26 10:35:30.746085+08:00,2025-06-26 10:35:30.746085+08:00,HSI,癸巳,丙寅,辛酉,戊子,丁酉,庚申,乙丑,壬寅,庚申,丙卯,庚酉,乙未,己酉,乙亥,癸卯,辛酉,庚午,丙寅,甲辰,戊申,HSI,17111240128702049278,2025-06-02 02:35:34.008045+08:00,2025,6,26,10,3,2,False,False,False,False,False,False,177,26,癸,巳,-0.587785,0.809017,0.5,-0.866025,丙,寅,0.951057,0.309017,0.866025,0.5,辛,酉,-0.951057,-0.309017,-1,-1.83697e-16,戊,子,0.587785,-0.809017,0,1,丁,酉,0.951057,-0.309017,-1,-1.83697e-16,庚,申,-0.587785,-0.809017,-0.866025,-0.5,乙,丑,0.587785,0.809017,0.5,0.866025,壬,寅,-0.951057,0.309017,0.866025,0.5,己,酉,1.22465e-16,-1,-1,-1.83697e-16,乙,亥,0.587785,0.809017,-0.5,0.866025,癸,卯,-0.587785,0.809017,1,6.12323e-17,辛,酉,-0.951057,-0.309017,-1,-1.83697e-16,庚,午,-0.587785,-0.809017,1.22465e-16,-1,丙,寅,0.951057,0.309017,0.866025,0.5,甲,辰,0,1,0.866025,-0.5,戊,申,0.587785,-0.809017,-0.866025,-0.5,死,胎,長生,臨官,帝旺,胎,胎,沐浴,臨官,病,死,沐浴,臨官,長生,胎,死,病,長生,沐浴,帝旺,病,絕,胎,帝旺,帝旺,死,絕,長生,沐浴,死,長生,絕,死,帝旺,臨官,絕
18,2025-06-27 10:35:30.746085+08:00,2025-06-27 10:35:30.746085+08:00,HSI,乙巳,丁卯,壬戌,庚子,丁酉,庚申,乙丑,壬寅,壬申,丁辰,庚酉,乙未,己酉,乙亥,癸卯,辛酉,庚午,丙寅,甲辰,戊申,HSI,13496612627230702085,2025-06-02 02:35:34.008045+08:00,2025,6,27,10,4,2,False,False,False,False,False,False,178,26,乙,巳,0.587785,0.809017,0.5,-0.866025,丁,卯,0.951057,-0.309017,1,6.12323e-17,壬,戌,-0.951057,0.309017,-0.866025,0.5,庚,子,-0.587785,-0.809017,0,1,丁,酉,0.951057,-0.309017,-1,-1.83697e-16,庚,申,-0.587785,-0.809017,-0.866025,-0.5,乙,丑,0.587785,0.809017,0.5,0.866025,壬,寅,-0.951057,0.309017,0.866025,0.5,己,酉,1.22465e-16,-1,-1,-1.83697e-16,乙,亥,0.587785,0.809017,-0.5,0.866025,癸,卯,-0.587785,0.809017,1,6.12323e-17,辛,酉,-0.951057,-0.309017,-1,-1.83697e-16,庚,午,-0.587785,-0.809017,1.22465e-16,-1,丙,寅,0.951057,0.309017,0.866025,0.5,甲,辰,0,1,0.866025,-0.5,戊,申,0.587785,-0.809017,-0.866025,-0.5,死,絕,長生,臨官,帝旺,胎,胎,長生,臨官,病,死,沐浴,臨官,沐浴,胎,死,病,長生,沐浴,臨官,病,絕,胎,帝旺,帝旺,病,絕,長生,沐浴,死,長生,胎,死,帝旺,臨官,絕
19,2025-06-30 10:35:30.746085+08:00,2025-06-30 10:35:30.746085+08:00,HSI,辛巳,庚午,乙丑,丙子,丁酉,庚申,乙丑,壬寅,戊申,庚未,乙酉,乙未,己酉,乙亥,癸卯,辛酉,庚午,丙寅,甲辰,戊申,HSI,14888422416278924577,2025-06-02 02:35:34.008045+08:00,2025,6,30,10,0,2,False,True,False,True,False,False,181,27,辛,巳,-0.951057,-0.309017,0.5,-0.866025,庚,午,-0.587785,-0.809017,1.22465e-16,-1,乙,丑,0.587785,0.809017,0.5,0.866025,丙,子,0.951057,0.309017,0,1,丁,酉,0.951057,-0.309017,-1,-1.83697e-16,庚,申,-0.587785,-0.809017,-0.866025,-0.5,乙,丑,0.587785,0.809017,0.5,0.866025,壬,寅,-0.951057,0.309017,0.866025,0.5,己,酉,1.22465e-16,-1,-1,-1.83697e-16,乙,亥,0.587785,0.809017,-0.5,0.866025,癸,卯,-0.587785,0.809017,1,6.12323e-17,辛,酉,-0.951057,-0.309017,-1,-1.83697e-16,庚,午,-0.587785,-0.809017,1.22465e-16,-1,丙,寅,0.951057,0.309017,0.866025,0.5,甲,辰,0,1,0.866025,-0.5,戊,申,0.587785,-0.809017,-0.866025,-0.5,死,病,長生,臨官,帝旺,胎,胎,絕,臨官,病,死,沐浴,臨官,帝旺,胎,死,病,長生,沐浴,長生,病,絕,胎,帝旺,帝旺,臨官,絕,長生,沐浴,死,長生,沐浴,死,帝旺,臨官,絕
20,2025-07-01 10:35:30.746085+08:00,2025-07-01 10:35:30.746085+08:00,HSI,癸巳,辛未,丙寅,戊子,丁酉,庚申,乙丑,壬寅,庚申,辛申,丙酉,乙未,己酉,乙亥,癸卯,辛酉,庚午,丙寅,甲辰,戊申,HSI,7383340119966115597,2025-06-02 02:35:34.008045+08:00,2025,7,1,10,1,3,True,False,True,False,False,False,182,27,癸,巳,-0.587785,0.809017,0.5,-0.866025,辛,未,-0.951057,-0.309017,-0.5,-0.866025,丙,寅,0.951057,0.309017,0.866025,0.5,戊,子,0.587785,-0.809017,0,1,丁,酉,0.951057,-0.309017,-1,-1.83697e-16,庚,申,-0.587785,-0.809017,-0.866025,-0.5,乙,丑,0.587785,0.809017,0.5,0.866025,壬,寅,-0.951057,0.309017,0.866025,0.5,己,酉,1.22465e-16,-1,-1,-1.83697e-16,乙,亥,0.587785,0.809017,-0.5,0.866025,癸,卯,-0.587785,0.809017,1,6.12323e-17,辛,酉,-0.951057,-0.309017,-1,-1.83697e-16,庚,午,-0.587785,-0.809017,1.22465e-16,-1,丙,寅,0.951057,0.309017,0.866025,0.5,甲,辰,0,1,0.866025,-0.5,戊,申,0.587785,-0.809017,-0.866025,-0.5,死,衰,長生,臨官,帝旺,胎,胎,墓庫,臨官,病,死,沐浴,臨官,衰,胎,死,病,長生,沐浴,養,病,絕,胎,帝旺,帝旺,冠帶,絕,長生,沐浴,死,長生,冠帶,死,帝旺,臨官,絕
21,2025-07-02 10:35:30.746085+08:00,2025-07-02 10:35:30.746085+08:00,HSI,乙巳,壬申,丁卯,庚子,丁酉,庚申,乙丑,壬寅,壬申,壬酉,丙酉,乙未,己酉,乙亥,癸卯,辛酉,庚午,丙寅,甲辰,戊申,HSI,9907184410315921331,2025-06-02 02:35:34.008045+08:00,2025,7,2,10,2,3,False,False,False,False,False,False,183,27,乙,巳,0.587785,0.809017,0.5,-0.866025,壬,申,-0.951057,0.309017,-0.866025,-0.5,丁,卯,0.951057,-0.309017,1,6.12323e-17,庚,子,-0.587785,-0.809017,0,1,丁,酉,0.951057,-0.309017,-1,-1.83697e-16,庚,申,-0.587785,-0.809017,-0.866025,-0.5,乙,丑,0.587785,0.809017,0.5,0.866025,壬,寅,-0.951057,0.309017,0.866025,0.5,己,酉,1.22465e-16,-1,-1,-1.83697e-16,乙,亥,0.587785,0.809017,-0.5,0.866025,癸,卯,-0.587785,0.809017,1,6.12323e-17,辛,酉,-0.951057,-0.309017,-1,-1.83697e-16,庚,午,-0.587785,-0.809017,1.22465e-16,-1,丙,寅,0.951057,0.309017,0.866025,0.5,甲,辰,0,1,0.866025,-0.5,戊,申,0.587785,-0.809017,-0.866025,-0.5,死,帝旺,長生,臨官,帝旺,胎,胎,死,臨官,病,死,沐浴,臨官,病,胎,死,病,長生,沐浴,胎,病,絕,胎,帝旺,帝旺,沐浴,絕,長生,沐浴,死,長生,臨官,死,帝旺,臨官,絕
22,2025-07-03 10:35:30.746085+08:00,2025-07-03 10:35:30.746085+08:00,HSI,丁巳,癸酉,戊辰,壬子,丁酉,庚申,乙丑,壬寅,甲申,癸戌,丙酉,乙未,己酉,乙亥,癸卯,辛酉,庚午,丙寅,甲辰,戊申,HSI,5038575538025257850,2025-06-02 02:35:34.008045+08:00,2025,7,3,10,3,3,False,False,False,False,False,False,184,27,丁,巳,0.951057,-0.309017,0.5,-0.866025,癸,酉,-0.587785,0.809017,-1,-1.83697e-16,戊,辰,0.587785,-0.809017,0.866025,-0.5,壬,子,-0.951057,0.309017,0,1,丁,酉,0.951057,-0.309017,-1,-1.83697e-16,庚,申,-0.587785,-0.809017,-0.866025,-0.5,乙,丑,0.587785,0.809017,0.5,0.866025,壬,寅,-0.951057,0.309017,0.866025,0.5,己,酉,1.22465e-16,-1,-1,-1.83697e-16,乙,亥,0.587785,0.809017,-0.5,0.866025,癸,卯,-0.587785,0.809017,1,6.12323e-17,辛,酉,-0.951057,-0.309017,-1,-1.83697e-16,庚,午,-0.587785,-0.809017,1.22465e-16,-1,丙,寅,0.951057,0.309017,0.866025,0.5,甲,辰,0,1,0.866025,-0.5,戊,申,0.587785,-0.809017,-0.866025,-0.5,死,臨官,長生,臨官,帝旺,胎,胎,病,臨官,病,死,沐浴,臨官,死,胎,死,病,長生,沐浴,絕,病,絕,胎,帝旺,帝旺,長生,絕,長生,沐浴,死,長生,帝旺,死,帝旺,臨官,絕
23,2025-07-04 10:35:30.746085+08:00,2025-07-04 10:35:30.746085+08:00,HSI,己巳,甲戌,己巳,甲子,丁酉,庚申,乙丑,壬寅,丙申,甲亥,辛酉,乙未,己酉,乙亥,癸卯,辛酉,庚午,丙寅,甲辰,戊申,HSI,10585413308324337564,2025-06-02 02:35:34.008045+08:00,2025,7,4,10,4,3,False,False,False,False,False,False,185,27,己,巳,1.22465e-16,-1,0.5,-0.866025,甲,戌,0,1,-0.866025,0.5,己,巳,1.22465e-16,-1,0.5,-0.866025,甲,子,0,1,0,1,丁,酉,0.951057,-0.309017,-1,-1.83697e-16,庚,申,-0.587785,-0.809017,-0.866025,-0.5,乙,丑,0.587785,0.809017,0.5,0.866025,壬,寅,-0.951057,0.309017,0.866025,0.5,己,酉,1.22465e-16,-1,-1,-1.83697e-16,乙,亥,0.587785,0.809017,-0.5,0.866025,癸,卯,-0.587785,0.809017,1,6.12323e-17,辛,酉,-0.951057,-0.309017,-1,-1.83697e-16,庚,午,-0.587785,-0.809017,1.22465e-16,-1,丙,寅,0.951057,0.309017,0.866025,0.5,甲,辰,0,1,0.866025,-0.5,戊,申,0.587785,-0.809017,-0.866025,-0.5,死,冠帶,長生,臨官,帝旺,胎,胎,衰,臨官,病,死,沐浴,臨官,墓庫,胎,死,病,長生,沐浴,墓庫,病,絕,胎,帝旺,帝旺,養,絕,長生,沐浴,死,長生,衰,死,帝旺,臨官,絕
24,2025-07-07 10:35:30.746085+08:00,2025-07-07 10:35:30.746085+08:00,HSI,乙巳,丁丑,壬申,庚子,癸未,庚申,乙丑,戊子,壬申,丁寅,癸未,乙未,己酉,乙亥,癸卯,辛酉,庚午,丙寅,甲辰,戊申,HSI,12494975469720490685,2025-06-02 02:35:34.008045+08:00,2025,7,7,10,0,3,False,False,False,False,False,False,188,28,乙,巳,0.587785,0.809017,0.5,-0.866025,丁,丑,0.951057,-0.309017,0.5,0.866025,壬,申,-0.951057,0.309017,-0.866025,-0.5,庚,子,-0.587785,-0.809017,0,1,癸,未,-0.587785,0.809017,-0.5,-0.866025,庚,申,-0.587785,-0.809017,-0.866025,-0.5,乙,丑,0.587785,0.809017,0.5,0.866025,戊,子,0.587785,-0.809017,0,1,己,酉,1.22465e-16,-1,-1,-1.83697e-16,乙,亥,0.587785,0.809017,-0.5,0.866025,癸,卯,-0.587785,0.809017,1,6.12323e-17,辛,酉,-0.951057,-0.309017,-1,-1.83697e-16,庚,午,-0.587785,-0.809017,1.22465e-16,-1,丙,寅,0.951057,0.309017,0.866025,0.5,甲,辰,0,1,0.866025,-0.5,戊,申,0.587785,-0.809017,-0.866025,-0.5,死,養,長生,衰,帝旺,長生,胎,冠帶,臨官,墓庫,死,臨官,臨官,養,胎,衰,病,胎,沐浴,衰,病,養,胎,病,帝旺,墓庫,絕,冠帶,沐浴,絕,長生,墓庫,死,冠帶,臨官,死
25,2025-07-08 10:35:30.746085+08:00,2025-07-08 10:35:30.746085+08:00,HSI,丁巳,戊寅,癸酉,壬子,癸未,庚申,乙丑,戊子,甲申,戊卯,癸未,乙未,己酉,乙亥,癸卯,辛酉,庚午,丙寅,甲辰,戊申,HSI,18340870630609522559,2025-06-02 02:35:34.008045+08:00,2025,7,8,10,1,3,False,False,False,False,False,False,189,28,丁,巳,0.951057,-0.309017,0.5,-0.866025,戊,寅,0.587785,-0.809017,0.866025,0.5,癸,酉,-0.587785,0.809017,-1,-1.83697e-16,壬,子,-0.951057,0.309017,0,1,癸,未,-0.587785,0.809017,-0.5,-0.866025,庚,申,-0.587785,-0.809017,-0.866025,-0.5,乙,丑,0.587785,0.809017,0.5,0.866025,戊,子,0.587785,-0.809017,0,1,己,酉,1.22465e-16,-1,-1,-1.83697e-16,乙,亥,0.587785,0.809017,-0.5,0.866025,癸,卯,-0.587785,0.809017,1,6.12323e-17,辛,酉,-0.951057,-0.309017,-1,-1.83697e-16,庚,午,-0.587785,-0.809017,1.22465e-16,-1,丙,寅,0.951057,0.309017,0.866025,0.5,甲,辰,0,1,0.866025,-0.5,戊,申,0.587785,-0.809017,-0.866025,-0.5,死,胎,長生,衰,帝旺,長生,胎,沐浴,臨官,墓庫,死,臨官,臨官,長生,胎,衰,病,胎,沐浴,帝旺,病,養,胎,病,帝旺,死,絕,冠帶,沐浴,絕,長生,絕,死,冠帶,臨官,死
26,2025-07-09 10:35:30.746085+08:00,2025-07-09 10:35:30.746085+08:00,HSI,己巳,己卯,甲戌,甲子,癸未,庚申,乙丑,戊子,丙申,己辰,癸未,乙未,己酉,乙亥,癸卯,辛酉,庚午,丙寅,甲辰,戊申,HSI,15307134904439744790,2025-06-02 02:35:34.008045+08:00,2025,7,9,10,2,3,False,False,False,False,False,False,190,28,己,巳,1.22465e-16,-1,0.5,-0.866025,己,卯,1.22465e-16,-1,1,6.12323e-17,甲,戌,0,1,-0.866025,0.5,甲,子,0,1,0,1,癸,未,-0.587785,0.809017,-0.5,-0.866025,庚,申,-0.587785,-0.809017,-0.866025,-0.5,乙,丑,0.587785,0.809017,0.5,0.866025,戊,子,0.587785,-0.809017,0,1,己,酉,1.22465e-16,-1,-1,-1.83697e-16,乙,亥,0.587785,0.809017,-0.5,0.866025,癸,卯,-0.587785,0.809017,1,6.12323e-17,辛,酉,-0.951057,-0.309017,-1,-1.83697e-16,庚,午,-0.587785,-0.809017,1.22465e-16,-1,丙,寅,0.951057,0.309017,0.866025,0.5,甲,辰,0,1,0.866025,-0.5,戊,申,0.587785,-0.809017,-0.866025,-0.5,死,絕,長生,衰,帝旺,長生,胎,長生,臨官,墓庫,死,臨官,臨官,沐浴,胎,衰,病,胎,沐浴,臨官,病,養,胎,病,帝旺,病,絕,冠帶,沐浴,絕,長生,胎,死,冠帶,臨官,死
27,2025-07-10 10:35:30.746085+08:00,2025-07-10 10:35:30.746085+08:00,HSI,辛巳,庚辰,乙亥,丙子,癸未,庚申,乙丑,戊子,戊申,庚巳,戊未,乙未,己酉,乙亥,癸卯,辛酉,庚午,丙寅,甲辰,戊申,HSI,4858084890745582468,2025-06-02 02:35:34.008045+08:00,2025,7,10,10,3,3,False,False,False,False,False,False,191,28,辛,巳,-0.951057,-0.309017,0.5,-0.866025,庚,辰,-0.587785,-0.809017,0.866025,-0.5,乙,亥,0.587785,0.809017,-0.5,0.866025,丙,子,0.951057,0.309017,0,1,癸,未,-0.587785,0.809017,-0.5,-0.866025,庚,申,-0.587785,-0.809017,-0.866025,-0.5,乙,丑,0.587785,0.809017,0.5,0.866025,戊,子,0.587785,-0.809017,0,1,己,酉,1.22465e-16,-1,-1,-1.83697e-16,乙,亥,0.587785,0.809017,-0.5,0.866025,癸,卯,-0.587785,0.809017,1,6.12323e-17,辛,酉,-0.951057,-0.309017,-1,-1.83697e-16,庚,午,-0.587785,-0.809017,1.22465e-16,-1,丙,寅,0.951057,0.309017,0.866025,0.5,甲,辰,0,1,0.866025,-0.5,戊,申,0.587785,-0.809017,-0.866025,-0.5,死,墓庫,長生,衰,帝旺,長生,胎,養,臨官,墓庫,死,臨官,臨官,冠帶,胎,衰,病,胎,沐浴,冠帶,病,養,胎,病,帝旺,衰,絕,冠帶,沐浴,絕,長生,養,死,冠帶,臨官,死
28,2025-07-11 10:35:30.746085+08:00,2025-07-11 10:35:30.746085+08:00,HSI,癸巳,辛巳,丙子,戊子,癸未,庚申,乙丑,戊子,庚申,辛午,戊未,乙未,己酉,乙亥,癸卯,辛酉,庚午,丙寅,甲辰,戊申,HSI,16924868634657671322,2025-06-02 02:35:34.008045+08:00,2025,7,11,10,4,3,False,False,False,False,False,False,192,28,癸,巳,-0.587785,0.809017,0.5,-0.866025,辛,巳,-0.951057,-0.309017,0.5,-0.866025,丙,子,0.951057,0.309017,0,1,戊,子,0.587785,-0.809017,0,1,癸,未,-0.587785,0.809017,-0.5,-0.866025,庚,申,-0.587785,-0.809017,-0.866025,-0.5,乙,丑,0.587785,0.809017,0.5,0.866025,戊,子,0.587785,-0.809017,0,1,己,酉,1.22465e-16,-1,-1,-1.83697e-16,乙,亥,0.587785,0.809017,-0.5,0.866025,癸,卯,-0.587785,0.809017,1,6.12323e-17,辛,酉,-0.951057,-0.309017,-1,-1.83697e-16,庚,午,-0.587785,-0.809017,1.22465e-16,-1,丙,寅,0.951057,0.309017,0.866025,0.5,甲,辰,0,1,0.866025,-0.5,戊,申,0.587785,-0.809017,-0.866025,-0.5,死,死,長生,衰,帝旺,長生,胎,胎,臨官,墓庫,死,臨官,臨官,臨官,胎,衰,病,胎,沐浴,沐浴,病,養,胎,病,帝旺,帝旺,絕,冠帶,沐浴,絕,長生,長生,死,冠帶,臨官,死
29,2025-07-14 10:35:30.746085+08:00,2025-07-14 10:35:30.746085+08:00,HSI,己巳,甲申,己卯,甲子,癸未,庚申,乙丑,戊子,丙申,甲酉,己未,乙未,己酉,乙亥,癸卯,辛酉,庚午,丙寅,甲辰,戊申,HSI,18044169221188140607,2025-06-02 02:35:34.008045+08:00,2025,7,14,10,0,3,False,False,False,False,False,False,195,29,己,巳,1.22465e-16,-1,0.5,-0.866025,甲,申,0,1,-0.866025,-0.5,己,卯,1.22465e-16,-1,1,6.12323e-17,甲,子,0,1,0,1,癸,未,-0.587785,0.809017,-0.5,-0.866025,庚,申,-0.587785,-0.809017,-0.866025,-0.5,乙,丑,0.587785,0.809017,0.5,0.866025,戊,子,0.587785,-0.809017,0,1,己,酉,1.22465e-16,-1,-1,-1.83697e-16,乙,亥,0.587785,0.809017,-0.5,0.866025,癸,卯,-0.587785,0.809017,1,6.12323e-17,辛,酉,-0.951057,-0.309017,-1,-1.83697e-16,庚,午,-0.587785,-0.809017,1.22465e-16,-1,丙,寅,0.951057,0.309017,0.866025,0.5,甲,辰,0,1,0.866025,-0.5,戊,申,0.587785,-0.809017,-0.866025,-0.5,死,帝旺,長生,衰,帝旺,長生,胎,死,臨官,墓庫,死,臨官,臨官,病,胎,衰,病,胎,沐浴,胎,病,養,胎,病,帝旺,沐浴,絕,冠帶,沐浴,絕,長生,臨官,死,冠帶,臨官,死
30,2025-07-15 10:35:30.746085+08:00,2025-07-15 10:35:30.746085+08:00,HSI,辛巳,乙酉,庚辰,丙子,癸未,庚申,乙丑,戊子,戊申,乙戌,己未,乙未,己酉,乙亥,癸卯,辛酉,庚午,丙寅,甲辰,戊申,HSI,16724020680572042165,2025-06-02 02:35:34.008045+08:00,2025,7,15,10,1,3,False,False,False,False,False,False,196,29,辛,巳,-0.951057,-0.309017,0.5,-0.866025,乙,酉,0.587785,0.809017,-1,-1.83697e-16,庚,辰,-0.587785,-0.809017,0.866025,-0.5,丙,子,0.951057,0.309017,0,1,癸,未,-0.587785,0.809017,-0.5,-0.866025,庚,申,-0.587785,-0.809017,-0.866025,-0.5,乙,丑,0.587785,0.809017,0.5,0.866025,戊,子,0.587785,-0.809017,0,1,己,酉,1.22465e-16,-1,-1,-1.83697e-16,乙,亥,0.587785,0.809017,-0.5,0.866025,癸,卯,-0.587785,0.809017,1,6.12323e-17,辛,酉,-0.951057,-0.309017,-1,-1.83697e-16,庚,午,-0.587785,-0.809017,1.22465e-16,-1,丙,寅,0.951057,0.309017,0.866025,0.5,甲,辰,0,1,0.866025,-0.5,戊,申,0.587785,-0.809017,-0.866025,-0.5,死,臨官,長生,衰,帝旺,長生,胎,病,臨官,墓庫,死,臨官,臨官,死,胎,衰,病,胎,沐浴,絕,病,養,胎,病,帝旺,長生,絕,冠帶,沐浴,絕,長生,帝旺,死,冠帶,臨官,死
31,2025-07-16 10:35:30.746085+08:00,2025-07-16 10:35:30.746085+08:00,HSI,癸巳,丙戌,辛巳,戊子,癸未,庚申,乙丑,戊子,庚申,丙亥,己未,乙未,己酉,乙亥,癸卯,辛酉,庚午,丙寅,甲辰,戊申,HSI,3951247539624631850,2025-06-02 02:35:34.008045+08:00,2025,7,16,10,2,3,False,False,False,False,False,False,197,29,癸,巳,-0.587785,0.809017,0.5,-0.866025,丙,戌,0.951057,0.309017,-0.866025,0.5,辛,巳,-0.951057,-0.309017,0.5,-0.866025,戊,子,0.587785,-0.809017,0,1,癸,未,-0.587785,0.809017,-0.5,-0.866025,庚,申,-0.587785,-0.809017,-0.866025,-0.5,乙,丑,0.587785,0.809017,0.5,0.866025,戊,子,0.587785,-0.809017,0,1,己,酉,1.22465e-16,-1,-1,-1.83697e-16,乙,亥,0.587785,0.809017,-0.5,0.866025,癸,卯,-0.587785,0.809017,1,6.12323e-17,辛,酉,-0.951057,-0.309017,-1,-1.83697e-16,庚,午,-0.587785,-0.809017,1.22465e-16,-1,丙,寅,0.951057,0.309017,0.866025,0.5,甲,辰,0,1,0.866025,-0.5,戊,申,0.587785,-0.809017,-0.866025,-0.5,死,冠帶,長生,衰,帝旺,長生,胎,衰,臨官,墓庫,死,臨官,臨官,墓庫,胎,衰,病,胎,沐浴,墓庫,病,養,胎,病,帝旺,養,絕,冠帶,沐浴,絕,長生,衰,死,冠帶,臨官,死
32,2025-07-17 10:35:30.746085+08:00,2025-07-17 10:35:30.746085+08:00,HSI,乙巳,丁亥,壬午,庚子,癸未,庚申,乙丑,戊子,壬申,丁子,甲未,乙未,己酉,乙亥,癸卯,辛酉,庚午,丙寅,甲辰,戊申,HSI,4721177491811917285,2025-06-02 02:35:34.008045+08:00,2025,7,17,10,3,3,False,False,False,False,False,False,198,29,乙,巳,0.587785,0.809017,0.5,-0.866025,丁,亥,0.951057,-0.309017,-0.5,0.866025,壬,午,-0.951057,0.309017,1.22465e-16,-1,庚,子,-0.587785,-0.809017,0,1,癸,未,-0.587785,0.809017,-0.5,-0.866025,庚,申,-0.587785,-0.809017,-0.866025,-0.5,乙,丑,0.587785,0.809017,0.5,0.866025,戊,子,0.587785,-0.809017,0,1,己,酉,1.22465e-16,-1,-1,-1.83697e-16,乙,亥,0.587785,0.809017,-0.5,0.866025,癸,卯,-0.587785,0.809017,1,6.12323e-17,辛,酉,-0.951057,-0.309017,-1,-1.83697e-16,庚,午,-0.587785,-0.809017,1.22465e-16,-1,丙,寅,0.951057,0.309017,0.866025,0.5,甲,辰,0,1,0.866025,-0.5,戊,申,0.587785,-0.809017,-0.866025,-0.5,死,沐浴,長生,衰,帝旺,長生,胎,帝旺,臨官,墓庫,死,臨官,臨官,絕,胎,衰,病,胎,沐浴,死,病,養,胎,病,帝旺,胎,絕,冠帶,沐浴,絕,長生,病,死,冠帶,臨官,死
33,2025-07-18 10:35:30.746085+08:00,2025-07-18 10:35:30.746085+08:00,HSI,丁巳,戊子,癸未,壬子,癸未,庚申,乙丑,戊子,甲申,戊丑,甲未,乙未,己酉,乙亥,癸卯,辛酉,庚午,丙寅,甲辰,戊申,HSI,3597002591092787331,2025-06-02 02:35:34.008045+08:00,2025,7,18,10,4,3,False,False,False,False,False,False,199,29,丁,巳,0.951057,-0.309017,0.5,-0.866025,戊,子,0.587785,-0.809017,0,1,癸,未,-0.587785,0.809017,-0.5,-0.866025,壬,子,-0.951057,0.309017,0,1,癸,未,-0.587785,0.809017,-0.5,-0.866025,庚,申,-0.587785,-0.809017,-0.866025,-0.5,乙,丑,0.587785,0.809017,0.5,0.866025,戊,子,0.587785,-0.809017,0,1,己,酉,1.22465e-16,-1,-1,-1.83697e-16,乙,亥,0.587785,0.809017,-0.5,0.866025,癸,卯,-0.587785,0.809017,1,6.12323e-17,辛,酉,-0.951057,-0.309017,-1,-1.83697e-16,庚,午,-0.587785,-0.809017,1.22465e-16,-1,丙,寅,0.951057,0.309017,0.866025,0.5,甲,辰,0,1,0.866025,-0.5,戊,申,0.587785,-0.809017,-0.866025,-0.5,死,長生,長生,衰,帝旺,長生,胎,臨官,臨官,墓庫,死,臨官,臨官,胎,胎,衰,病,胎,沐浴,病,病,養,胎,病,帝旺,絕,絕,冠帶,沐浴,絕,長生,死,死,冠帶,臨官,死
34,2025-07-21 10:35:30.746085+08:00,2025-07-21 10:35:30.746085+08:00,HSI,癸巳,辛卯,丙戌,戊子,癸未,庚申,乙丑,戊子,庚申,辛辰,乙未,乙未,己酉,乙亥,癸卯,辛酉,庚午,丙寅,甲辰,戊申,HSI,6243243870797924308,2025-06-02 02:35:34.008045+08:00,2025,7,21,10,0,3,False,False,False,False,False,False,202,30,癸,巳,-0.587785,0.809017,0.5,-0.866025,辛,卯,-0.951057,-0.309017,1,6.12323e-17,丙,戌,0.951057,0.309017,-0.866025,0.5,戊,子,0.587785,-0.809017,0,1,癸,未,-0.587785,0.809017,-0.5,-0.866025,庚,申,-0.587785,-0.809017,-0.866025,-0.5,乙,丑,0.587785,0.809017,0.5,0.866025,戊,子,0.587785,-0.809017,0,1,己,酉,1.22465e-16,-1,-1,-1.83697e-16,乙,亥,0.587785,0.809017,-0.5,0.866025,癸,卯,-0.587785,0.809017,1,6.12323e-17,辛,酉,-0.951057,-0.309017,-1,-1.83697e-16,庚,午,-0.587785,-0.809017,1.22465e-16,-1,丙,寅,0.951057,0.309017,0.866025,0.5,甲,辰,0,1,0.866025,-0.5,戊,申,0.587785,-0.809017,-0.866025,-0.5,死,絕,長生,衰,帝旺,長生,胎,長生,臨官,墓庫,死,臨官,臨官,沐浴,胎,衰,病,胎,沐浴,臨官,病,養,胎,病,帝旺,病,絕,冠帶,沐浴,絕,長生,胎,死,冠帶,臨官,死
35,2025-07-22 10:35:30.746085+08:00,2025-07-22 10:35:30.746085+08:00,HSI,乙巳,壬辰,丁亥,庚子,癸未,庚申,乙丑,戊子,壬申,壬巳,乙未,乙未,己酉,乙亥,癸卯,辛酉,庚午,丙寅,甲辰,戊申,HSI,8684062289182205715,2025-06-02 02:35:34.008045+08:00,2025,7,22,10,1,3,False,False,False,False,False,False,203,30,乙,巳,0.587785,0.809017,0.5,-0.866025,壬,辰,-0.951057,0.309017,0.866025,-0.5,丁,亥,0.951057,-0.309017,-0.5,0.866025,庚,子,-0.587785,-0.809017,0,1,癸,未,-0.587785,0.809017,-0.5,-0.866025,庚,申,-0.587785,-0.809017,-0.866025,-0.5,乙,丑,0.587785,0.809017,0.5,0.866025,戊,子,0.587785,-0.809017,0,1,己,酉,1.22465e-16,-1,-1,-1.83697e-16,乙,亥,0.587785,0.809017,-0.5,0.866025,癸,卯,-0.587785,0.809017,1,6.12323e-17,辛,酉,-0.951057,-0.309017,-1,-1.83697e-16,庚,午,-0.587785,-0.809017,1.22465e-16,-1,丙,寅,0.951057,0.309017,0.866025,0.5,甲,辰,0,1,0.866025,-0.5,戊,申,0.587785,-0.809017,-0.866025,-0.5,死,墓庫,長生,衰,帝旺,長生,胎,養,臨官,墓庫,死,臨官,臨官,冠帶,胎,衰,病,胎,沐浴,冠帶,病,養,胎,病,帝旺,衰,絕,冠帶,沐浴,絕,長生,養,死,冠帶,臨官,死
36,2025-07-23 10:35:30.746085+08:00,2025-07-23 10:35:30.746085+08:00,HSI,丁巳,癸巳,戊子,壬子,戊戌,庚申,乙丑,癸卯,甲申,癸午,庚戌,乙未,己酉,乙亥,癸卯,辛酉,庚午,丙寅,甲辰,戊申,HSI,15395413751911323040,2025-06-02 02:35:34.008045+08:00,2025,7,23,10,2,3,False,False,False,False,False,False,204,30,丁,巳,0.951057,-0.309017,0.5,-0.866025,癸,巳,-0.587785,0.809017,0.5,-0.866025,戊,子,0.587785,-0.809017,0,1,壬,子,-0.951057,0.309017,0,1,戊,戌,0.587785,-0.809017,-0.866025,0.5,庚,申,-0.587785,-0.809017,-0.866025,-0.5,乙,丑,0.587785,0.809017,0.5,0.866025,癸,卯,-0.587785,0.809017,1,6.12323e-17,己,酉,1.22465e-16,-1,-1,-1.83697e-16,乙,亥,0.587785,0.809017,-0.5,0.866025,癸,卯,-0.587785,0.809017,1,6.12323e-17,辛,酉,-0.951057,-0.309017,-1,-1.83697e-16,庚,午,-0.587785,-0.809017,1.22465e-16,-1,丙,寅,0.951057,0.309017,0.866025,0.5,甲,辰,0,1,0.866025,-0.5,戊,申,0.587785,-0.809017,-0.866025,-0.5,死,死,長生,冠帶,帝旺,絕,胎,胎,臨官,衰,死,長生,臨官,臨官,胎,墓庫,病,沐浴,沐浴,沐浴,病,墓庫,胎,臨官,帝旺,帝旺,絕,養,沐浴,病,長生,長生,死,衰,臨官,胎
37,2025-07-24 10:35:30.746085+08:00,2025-07-24 10:35:30.746085+08:00,HSI,己巳,甲午,己丑,甲子,戊戌,庚申,乙丑,癸卯,丙申,甲未,庚戌,乙未,己酉,乙亥,癸卯,辛酉,庚午,丙寅,甲辰,戊申,HSI,293923456781833187,2025-06-02 02:35:34.008045+08:00,2025,7,24,10,3,3,False,False,False,False,False,False,205,30,己,巳,1.22465e-16,-1,0.5,-0.866025,甲,午,0,1,1.22465e-16,-1,己,丑,1.22465e-16,-1,0.5,0.866025,甲,子,0,1,0,1,戊,戌,0.587785,-0.809017,-0.866025,0.5,庚,申,-0.587785,-0.809017,-0.866025,-0.5,乙,丑,0.587785,0.809017,0.5,0.866025,癸,卯,-0.587785,0.809017,1,6.12323e-17,己,酉,1.22465e-16,-1,-1,-1.83697e-16,乙,亥,0.587785,0.809017,-0.5,0.866025,癸,卯,-0.587785,0.809017,1,6.12323e-17,辛,酉,-0.951057,-0.309017,-1,-1.83697e-16,庚,午,-0.587785,-0.809017,1.22465e-16,-1,丙,寅,0.951057,0.309017,0.866025,0.5,甲,辰,0,1,0.866025,-0.5,戊,申,0.587785,-0.809017,-0.866025,-0.5,死,病,長生,冠帶,帝旺,絕,胎,絕,臨官,衰,死,長生,臨官,帝旺,胎,墓庫,病,沐浴,沐浴,長生,病,墓庫,胎,臨官,帝旺,臨官,絕,養,沐浴,病,長生,沐浴,死,衰,臨官,胎
38,2025-07-25 10:35:30.746085+08:00,2025-07-25 10:35:30.746085+08:00,HSI,辛巳,乙未,庚寅,丙子,戊戌,庚申,乙丑,癸卯,戊申,乙申,庚戌,乙未,己酉,乙亥,癸卯,辛酉,庚午,丙寅,甲辰,戊申,HSI,16789431054232282456,2025-06-02 02:35:34.008045+08:00,2025,7,25,10,4,3,False,False,False,False,False,False,206,30,辛,巳,-0.951057,-0.309017,0.5,-0.866025,乙,未,0.587785,0.809017,-0.5,-0.866025,庚,寅,-0.587785,-0.809017,0.866025,0.5,丙,子,0.951057,0.309017,0,1,戊,戌,0.587785,-0.809017,-0.866025,0.5,庚,申,-0.587785,-0.809017,-0.866025,-0.5,乙,丑,0.587785,0.809017,0.5,0.866025,癸,卯,-0.587785,0.809017,1,6.12323e-17,己,酉,1.22465e-16,-1,-1,-1.83697e-16,乙,亥,0.587785,0.809017,-0.5,0.866025,癸,卯,-0.587785,0.809017,1,6.12323e-17,辛,酉,-0.951057,-0.309017,-1,-1.83697e-16,庚,午,-0.587785,-0.809017,1.22465e-16,-1,丙,寅,0.951057,0.309017,0.866025,0.5,甲,辰,0,1,0.866025,-0.5,戊,申,0.587785,-0.809017,-0.866025,-0.5,死,衰,長生,冠帶,帝旺,絕,胎,墓庫,臨官,衰,死,長生,臨官,衰,胎,墓庫,病,沐浴,沐浴,養,病,墓庫,胎,臨官,帝旺,冠帶,絕,養,沐浴,病,長生,冠帶,死,衰,臨官,胎
39,2025-07-28 10:35:30.746085+08:00,2025-07-28 10:35:30.746085+08:00,HSI,丁巳,戊戌,癸巳,壬子,戊戌,庚申,乙丑,癸卯,甲申,戊亥,辛戌,乙未,己酉,乙亥,癸卯,辛酉,庚午,丙寅,甲辰,戊申,HSI,10894121378724234261,2025-06-02 02:35:34.008045+08:00,2025,7,28,10,0,3,False,False,False,False,False,False,209,31,丁,巳,0.951057,-0.309017,0.5,-0.866025,戊,戌,0.587785,-0.809017,-0.866025,0.5,癸,巳,-0.587785,0.809017,0.5,-0.866025,壬,子,-0.951057,0.309017,0,1,戊,戌,0.587785,-0.809017,-0.866025,0.5,庚,申,-0.587785,-0.809017,-0.866025,-0.5,乙,丑,0.587785,0.809017,0.5,0.866025,癸,卯,-0.587785,0.809017,1,6.12323e-17,己,酉,1.22465e-16,-1,-1,-1.83697e-16,乙,亥,0.587785,0.809017,-0.5,0.866025,癸,卯,-0.587785,0.809017,1,6.12323e-17,辛,酉,-0.951057,-0.309017,-1,-1.83697e-16,庚,午,-0.587785,-0.809017,1.22465e-16,-1,丙,寅,0.951057,0.309017,0.866025,0.5,甲,辰,0,1,0.866025,-0.5,戊,申,0.587785,-0.809017,-0.866025,-0.5,死,冠帶,長生,冠帶,帝旺,絕,胎,衰,臨官,衰,死,長生,臨官,墓庫,胎,墓庫,病,沐浴,沐浴,墓庫,病,墓庫,胎,臨官,帝旺,養,絕,養,沐浴,病,長生,衰,死,衰,臨官,胎
40,2025-07-29 10:35:30.746085+08:00,2025-07-29 10:35:30.746085+08:00,HSI,己巳,己亥,甲午,甲子,戊戌,庚申,乙丑,癸卯,丙申,己子,丙戌,乙未,己酉,乙亥,癸卯,辛酉,庚午,丙寅,甲辰,戊申,HSI,7390306253256239183,2025-06-02 02:35:34.008045+08:00,2025,7,29,10,1,3,False,False,False,False,False,False,210,31,己,巳,1.22465e-16,-1,0.5,-0.866025,己,亥,1.22465e-16,-1,-0.5,0.866025,甲,午,0,1,1.22465e-16,-1,甲,子,0,1,0,1,戊,戌,0.587785,-0.809017,-0.866025,0.5,庚,申,-0.587785,-0.809017,-0.866025,-0.5,乙,丑,0.587785,0.809017,0.5,0.866025,癸,卯,-0.587785,0.809017,1,6.12323e-17,己,酉,1.22465e-16,-1,-1,-1.83697e-16,乙,亥,0.587785,0.809017,-0.5,0.866025,癸,卯,-0.587785,0.809017,1,6.12323e-17,辛,酉,-0.951057,-0.309017,-1,-1.83697e-16,庚,午,-0.587785,-0.809017,1.22465e-16,-1,丙,寅,0.951057,0.309017,0.866025,0.5,甲,辰,0,1,0.866025,-0.5,戊,申,0.587785,-0.809017,-0.866025,-0.5,死,沐浴,長生,冠帶,帝旺,絕,胎,帝旺,臨官,衰,死,長生,臨官,絕,胎,墓庫,病,沐浴,沐浴,死,病,墓庫,胎,臨官,帝旺,胎,絕,養,沐浴,病,長生,病,死,衰,臨官,胎
41,2025-07-30 10:35:30.746085+08:00,2025-07-30 10:35:30.746085+08:00,HSI,辛巳,庚子,乙未,丙子,戊戌,庚申,乙丑,癸卯,戊申,庚丑,丙戌,乙未,己酉,乙亥,癸卯,辛酉,庚午,丙寅,甲辰,戊申,HSI,4911436232236051493,2025-06-02 02:35:34.008045+08:00,2025,7,30,10,2,3,False,False,False,False,False,False,211,31,辛,巳,-0.951057,-0.309017,0.5,-0.866025,庚,子,-0.587785,-0.809017,0,1,乙,未,0.587785,0.809017,-0.5,-0.866025,丙,子,0.951057,0.309017,0,1,戊,戌,0.587785,-0.809017,-0.866025,0.5,庚,申,-0.587785,-0.809017,-0.866025,-0.5,乙,丑,0.587785,0.809017,0.5,0.866025,癸,卯,-0.587785,0.809017,1,6.12323e-17,己,酉,1.22465e-16,-1,-1,-1.83697e-16,乙,亥,0.587785,0.809017,-0.5,0.866025,癸,卯,-0.587785,0.809017,1,6.12323e-17,辛,酉,-0.951057,-0.309017,-1,-1.83697e-16,庚,午,-0.587785,-0.809017,1.22465e-16,-1,丙,寅,0.951057,0.309017,0.866025,0.5,甲,辰,0,1,0.866025,-0.5,戊,申,0.587785,-0.809017,-0.866025,-0.5,死,長生,長生,冠帶,帝旺,絕,胎,臨官,臨官,衰,死,長生,臨官,胎,胎,墓庫,病,沐浴,沐浴,病,病,墓庫,胎,臨官,帝旺,絕,絕,養,沐浴,病,長生,死,死,衰,臨官,胎
42,2025-07-31 10:35:30.746085+08:00,2025-07-31 10:35:30.746085+08:00,HSI,癸巳,辛丑,丙申,戊子,戊戌,庚申,乙丑,癸卯,庚申,辛寅,丙戌,乙未,己酉,乙亥,癸卯,辛酉,庚午,丙寅,甲辰,戊申,HSI,14112851142189242636,2025-06-02 02:35:34.008045+08:00,2025,7,31,10,3,3,False,True,False,False,False,False,212,31,癸,巳,-0.587785,0.809017,0.5,-0.866025,辛,丑,-0.951057,-0.309017,0.5,0.866025,丙,申,0.951057,0.309017,-0.866025,-0.5,戊,子,0.587785,-0.809017,0,1,戊,戌,0.587785,-0.809017,-0.866025,0.5,庚,申,-0.587785,-0.809017,-0.866025,-0.5,乙,丑,0.587785,0.809017,0.5,0.866025,癸,卯,-0.587785,0.809017,1,6.12323e-17,己,酉,1.22465e-16,-1,-1,-1.83697e-16,乙,亥,0.587785,0.809017,-0.5,0.866025,癸,卯,-0.587785,0.809017,1,6.12323e-17,辛,酉,-0.951057,-0.309017,-1,-1.83697e-16,庚,午,-0.587785,-0.809017,1.22465e-16,-1,丙,寅,0.951057,0.309017,0.866025,0.5,甲,辰,0,1,0.866025,-0.5,戊,申,0.587785,-0.809017,-0.866025,-0.5,死,養,長生,冠帶,帝旺,絕,胎,冠帶,臨官,衰,死,長生,臨官,養,胎,墓庫,病,沐浴,沐浴,衰,病,墓庫,胎,臨官,帝旺,墓庫,絕,養,沐浴,病,長生,墓庫,死,衰,臨官,胎
43,2025-08-01 10:35:30.746085+08:00,2025-08-01 10:35:30.746085+08:00,HSI,乙巳,壬寅,丁酉,庚子,戊戌,庚申,乙丑,癸卯,壬申,壬卯,丁戌,乙未,己酉,乙亥,癸卯,辛酉,庚午,丙寅,甲辰,戊申,HSI,935435848791152588,2025-06-02 02:35:34.008045+08:00,2025,8,1,10,4,3,True,False,False,False,False,False,213,31,乙,巳,0.587785,0.809017,0.5,-0.866025,壬,寅,-0.951057,0.309017,0.866025,0.5,丁,酉,0.951057,-0.309017,-1,-1.83697e-16,庚,子,-0.587785,-0.809017,0,1,戊,戌,0.587785,-0.809017,-0.866025,0.5,庚,申,-0.587785,-0.809017,-0.866025,-0.5,乙,丑,0.587785,0.809017,0.5,0.866025,癸,卯,-0.587785,0.809017,1,6.12323e-17,己,酉,1.22465e-16,-1,-1,-1.83697e-16,乙,亥,0.587785,0.809017,-0.5,0.866025,癸,卯,-0.587785,0.809017,1,6.12323e-17,辛,酉,-0.951057,-0.309017,-1,-1.83697e-16,庚,午,-0.587785,-0.809017,1.22465e-16,-1,丙,寅,0.951057,0.309017,0.866025,0.5,甲,辰,0,1,0.866025,-0.5,戊,申,0.587785,-0.809017,-0.866025,-0.5,死,胎,長生,冠帶,帝旺,絕,胎,沐浴,臨官,衰,死,長生,臨官,長生,胎,墓庫,病,沐浴,沐浴,帝旺,病,墓庫,胎,臨官,帝旺,死,絕,養,沐浴,病,長生,絕,死,衰,臨官,胎
44,2025-08-04 10:35:30.746085+08:00,2025-08-04 10:35:30.746085+08:00,HSI,辛巳,乙巳,庚子,丙子,戊戌,庚申,乙丑,癸卯,戊申,乙午,丁戌,乙未,己酉,乙亥,癸卯,辛酉,庚午,丙寅,甲辰,戊申,HSI,5892803541827374329,2025-06-02 02:35:34.008045+08:00,2025,8,4,10,0,3,False,False,False,False,False,False,216,32,辛,巳,-0.951057,-0.309017,0.5,-0.866025,乙,巳,0.587785,0.809017,0.5,-0.866025,庚,子,-0.587785,-0.809017,0,1,丙,子,0.951057,0.309017,0,1,戊,戌,0.587785,-0.809017,-0.866025,0.5,庚,申,-0.587785,-0.809017,-0.866025,-0.5,乙,丑,0.587785,0.809017,0.5,0.866025,癸,卯,-0.587785,0.809017,1,6.12323e-17,己,酉,1.22465e-16,-1,-1,-1.83697e-16,乙,亥,0.587785,0.809017,-0.5,0.866025,癸,卯,-0.587785,0.809017,1,6.12323e-17,辛,酉,-0.951057,-0.309017,-1,-1.83697e-16,庚,午,-0.587785,-0.809017,1.22465e-16,-1,丙,寅,0.951057,0.309017,0.866025,0.5,甲,辰,0,1,0.866025,-0.5,戊,申,0.587785,-0.809017,-0.866025,-0.5,死,死,長生,冠帶,帝旺,絕,胎,胎,臨官,衰,死,長生,臨官,臨官,胎,墓庫,病,沐浴,沐浴,沐浴,病,墓庫,胎,臨官,帝旺,帝旺,絕,養,沐浴,病,長生,長生,死,衰,臨官,胎
45,2025-08-05 10:35:30.746085+08:00,2025-08-05 10:35:30.746085+08:00,HSI,癸巳,丙午,辛丑,戊子,戊戌,庚申,乙丑,癸卯,庚申,丙未,壬戌,乙未,己酉,乙亥,癸卯,辛酉,庚午,丙寅,甲辰,戊申,HSI,16738159948123966772,2025-06-02 02:35:34.008045+08:00,2025,8,5,10,1,3,False,False,False,False,False,False,217,32,癸,巳,-0.587785,0.809017,0.5,-0.866025,丙,午,0.951057,0.309017,1.22465e-16,-1,辛,丑,-0.951057,-0.309017,0.5,0.866025,戊,子,0.587785,-0.809017,0,1,戊,戌,0.587785,-0.809017,-0.866025,0.5,庚,申,-0.587785,-0.809017,-0.866025,-0.5,乙,丑,0.587785,0.809017,0.5,0.866025,癸,卯,-0.587785,0.809017,1,6.12323e-17,己,酉,1.22465e-16,-1,-1,-1.83697e-16,乙,亥,0.587785,0.809017,-0.5,0.866025,癸,卯,-0.587785,0.809017,1,6.12323e-17,辛,酉,-0.951057,-0.309017,-1,-1.83697e-16,庚,午,-0.587785,-0.809017,1.22465e-16,-1,丙,寅,0.951057,0.309017,0.866025,0.5,甲,辰,0,1,0.866025,-0.5,戊,申,0.587785,-0.809017,-0.866025,-0.5,死,病,長生,冠帶,帝旺,絕,胎,絕,臨官,衰,死,長生,臨官,帝旺,胎,墓庫,病,沐浴,沐浴,長生,病,墓庫,胎,臨官,帝旺,臨官,絕,養,沐浴,病,長生,沐浴,死,衰,臨官,胎
46,2025-08-06 10:35:30.746085+08:00,2025-08-06 10:35:30.746085+08:00,HSI,乙巳,丁未,壬寅,庚子,戊戌,庚申,乙丑,癸卯,壬申,丁申,壬戌,乙未,己酉,乙亥,癸卯,辛酉,庚午,丙寅,甲辰,戊申,HSI,5491415216401144026,2025-06-02 02:35:34.008045+08:00,2025,8,6,10,2,3,False,False,False,False,False,False,218,32,乙,巳,0.587785,0.809017,0.5,-0.866025,丁,未,0.951057,-0.309017,-0.5,-0.866025,壬,寅,-0.951057,0.309017,0.866025,0.5,庚,子,-0.587785,-0.809017,0,1,戊,戌,0.587785,-0.809017,-0.866025,0.5,庚,申,-0.587785,-0.809017,-0.866025,-0.5,乙,丑,0.587785,0.809017,0.5,0.866025,癸,卯,-0.587785,0.809017,1,6.12323e-17,己,酉,1.22465e-16,-1,-1,-1.83697e-16,乙,亥,0.587785,0.809017,-0.5,0.866025,癸,卯,-0.587785,0.809017,1,6.12323e-17,辛,酉,-0.951057,-0.309017,-1,-1.83697e-16,庚,午,-0.587785,-0.809017,1.22465e-16,-1,丙,寅,0.951057,0.309017,0.866025,0.5,甲,辰,0,1,0.866025,-0.5,戊,申,0.587785,-0.809017,-0.866025,-0.5,死,衰,長生,冠帶,帝旺,絕,胎,墓庫,臨官,衰,死,長生,臨官,衰,胎,墓庫,病,沐浴,沐浴,養,病,墓庫,胎,臨官,帝旺,冠帶,絕,養,沐浴,病,長生,冠帶,死,衰,臨官,胎
47,2025-08-07 10:35:30.746085+08:00,2025-08-07 10:35:30.746085+08:00,HSI,丁巳,戊申,癸卯,壬子,戊戌,庚申,乙丑,癸卯,甲申,戊酉,壬戌,乙未,己酉,乙亥,癸卯,辛酉,庚午,丙寅,甲辰,戊申,HSI,1673905984637042399,2025-06-02 02:35:34.008045+08:00,2025,8,7,10,3,3,False,False,False,False,False,False,219,32,丁,巳,0.951057,-0.309017,0.5,-0.866025,戊,申,0.587785,-0.809017,-0.866025,-0.5,癸,卯,-0.587785,0.809017,1,6.12323e-17,壬,子,-0.951057,0.309017,0,1,戊,戌,0.587785,-0.809017,-0.866025,0.5,庚,申,-0.587785,-0.809017,-0.866025,-0.5,乙,丑,0.587785,0.809017,0.5,0.866025,癸,卯,-0.587785,0.809017,1,6.12323e-17,己,酉,1.22465e-16,-1,-1,-1.83697e-16,乙,亥,0.587785,0.809017,-0.5,0.866025,癸,卯,-0.587785,0.809017,1,6.12323e-17,辛,酉,-0.951057,-0.309017,-1,-1.83697e-16,庚,午,-0.587785,-0.809017,1.22465e-16,-1,丙,寅,0.951057,0.309017,0.866025,0.5,甲,辰,0,1,0.866025,-0.5,戊,申,0.587785,-0.809017,-0.866025,-0.5,死,帝旺,長生,冠帶,帝旺,絕,胎,死,臨官,衰,死,長生,臨官,病,胎,墓庫,病,沐浴,沐浴,胎,病,墓庫,胎,臨官,帝旺,沐浴,絕,養,沐浴,病,長生,臨官,死,衰,臨官,胎
48,2025-08-08 10:35:30.746085+08:00,2025-08-08 10:35:30.746085+08:00,HSI,己巳,己酉,甲辰,甲子,甲申,庚申,乙丑,己丑,丙申,己戌,甲申,乙未,己酉,乙亥,癸卯,辛酉,庚午,丙寅,甲辰,戊申,HSI,6921635644535244718,2025-06-02 02:35:34.008045+08:00,2025,8,8,10,4,3,False,False,False,False,False,False,220,32,己,巳,1.22465e-16,-1,0.5,-0.866025,己,酉,1.22465e-16,-1,-1,-1.83697e-16,甲,辰,0,1,0.866025,-0.5,甲,子,0,1,0,1,甲,申,0,1,-0.866025,-0.5,庚,申,-0.587785,-0.809017,-0.866025,-0.5,乙,丑,0.587785,0.809017,0.5,0.866025,己,丑,1.22465e-16,-1,0.5,0.866025,己,酉,1.22465e-16,-1,-1,-1.83697e-16,乙,亥,0.587785,0.809017,-0.5,0.866025,癸,卯,-0.587785,0.809017,1,6.12323e-17,辛,酉,-0.951057,-0.309017,-1,-1.83697e-16,庚,午,-0.587785,-0.809017,1.22465e-16,-1,丙,寅,0.951057,0.309017,0.866025,0.5,甲,辰,0,1,0.866025,-0.5,戊,申,0.587785,-0.809017,-0.866025,-0.5,死,臨官,長生,帝旺,帝旺,養,胎,病,臨官,死,死,冠帶,臨官,死,胎,病,病,養,沐浴,絕,病,胎,胎,衰,帝旺,長生,絕,沐浴,沐浴,墓庫,長生,帝旺,死,臨官,臨官,墓庫
49,2025-08-11 10:35:30.746085+08:00,2025-08-11 10:35:30.746085+08:00,HSI,乙巳,壬子,丁未,庚子,甲申,庚申,乙丑,己丑,壬申,壬丑,己申,乙未,己酉,乙亥,癸卯,辛酉,庚午,丙寅,甲辰,戊申,HSI,15748542911290657455,2025-06-02 02:35:34.008045+08:00,2025,8,11,10,0,3,False,False,False,False,False,False,223,33,乙,巳,0.587785,0.809017,0.5,-0.866025,壬,子,-0.951057,0.309017,0,1,丁,未,0.951057,-0.309017,-0.5,-0.866025,庚,子,-0.587785,-0.809017,0,1,甲,申,0,1,-0.866025,-0.5,庚,申,-0.587785,-0.809017,-0.866025,-0.5,乙,丑,0.587785,0.809017,0.5,0.866025,己,丑,1.22465e-16,-1,0.5,0.866025,己,酉,1.22465e-16,-1,-1,-1.83697e-16,乙,亥,0.587785,0.809017,-0.5,0.866025,癸,卯,-0.587785,0.809017,1,6.12323e-17,辛,酉,-0.951057,-0.309017,-1,-1.83697e-16,庚,午,-0.587785,-0.809017,1.22465e-16,-1,丙,寅,0.951057,0.309017,0.866025,0.5,甲,辰,0,1,0.866025,-0.5,戊,申,0.587785,-0.809017,-0.866025,-0.5,死,長生,長生,帝旺,帝旺,養,胎,臨官,臨官,死,死,冠帶,臨官,胎,胎,病,病,養,沐浴,病,病,胎,胎,衰,帝旺,絕,絕,沐浴,沐浴,墓庫,長生,死,死,臨官,臨官,墓庫
50,2025-08-12 10:35:30.746085+08:00,2025-08-12 10:35:30.746085+08:00,HSI,丁巳,癸丑,戊申,壬子,甲申,庚申,乙丑,己丑,甲申,癸寅,己申,乙未,己酉,乙亥,癸卯,辛酉,庚午,丙寅,甲辰,戊申,HSI,101107369742543084,2025-06-02 02:35:34.008045+08:00,2025,8,12,10,1,3,False,False,False,False,False,False,224,33,丁,巳,0.951057,-0.309017,0.5,-0.866025,癸,丑,-0.587785,0.809017,0.5,0.866025,戊,申,0.587785,-0.809017,-0.866025,-0.5,壬,子,-0.951057,0.309017,0,1,甲,申,0,1,-0.866025,-0.5,庚,申,-0.587785,-0.809017,-0.866025,-0.5,乙,丑,0.587785,0.809017,0.5,0.866025,己,丑,1.22465e-16,-1,0.5,0.866025,己,酉,1.22465e-16,-1,-1,-1.83697e-16,乙,亥,0.587785,0.809017,-0.5,0.866025,癸,卯,-0.587785,0.809017,1,6.12323e-17,辛,酉,-0.951057,-0.309017,-1,-1.83697e-16,庚,午,-0.587785,-0.809017,1.22465e-16,-1,丙,寅,0.951057,0.309017,0.866025,0.5,甲,辰,0,1,0.866025,-0.5,戊,申,0.587785,-0.809017,-0.866025,-0.5,死,養,長生,帝旺,帝旺,養,胎,冠帶,臨官,死,死,冠帶,臨官,養,胎,病,病,養,沐浴,衰,病,胎,胎,衰,帝旺,墓庫,絕,沐浴,沐浴,墓庫,長生,墓庫,死,臨官,臨官,墓庫
51,2025-08-13 10:35:30.746085+08:00,2025-08-13 10:35:30.746085+08:00,HSI,己巳,甲寅,己酉,甲子,甲申,庚申,乙丑,己丑,丙申,甲卯,己申,乙未,己酉,乙亥,癸卯,辛酉,庚午,丙寅,甲辰,戊申,HSI,4718834780722848031,2025-06-02 02:35:34.008045+08:00,2025,8,13,10,2,3,False,False,False,False,False,False,225,33,己,巳,1.22465e-16,-1,0.5,-0.866025,甲,寅,0,1,0.866025,0.5,己,酉,1.22465e-16,-1,-1,-1.83697e-16,甲,子,0,1,0,1,甲,申,0,1,-0.866025,-0.5,庚,申,-0.587785,-0.809017,-0.866025,-0.5,乙,丑,0.587785,0.809017,0.5,0.866025,己,丑,1.22465e-16,-1,0.5,0.866025,己,酉,1.22465e-16,-1,-1,-1.83697e-16,乙,亥,0.587785,0.809017,-0.5,0.866025,癸,卯,-0.587785,0.809017,1,6.12323e-17,辛,酉,-0.951057,-0.309017,-1,-1.83697e-16,庚,午,-0.587785,-0.809017,1.22465e-16,-1,丙,寅,0.951057,0.309017,0.866025,0.5,甲,辰,0,1,0.866025,-0.5,戊,申,0.587785,-0.809017,-0.866025,-0.5,死,胎,長生,帝旺,帝旺,養,胎,沐浴,臨官,死,死,冠帶,臨官,長生,胎,病,病,養,沐浴,帝旺,病,胎,胎,衰,帝旺,死,絕,沐浴,沐浴,墓庫,長生,絕,死,臨官,臨官,墓庫
52,2025-08-14 10:35:30.746085+08:00,2025-08-14 10:35:30.746085+08:00,HSI,辛巳,乙卯,庚戌,丙子,甲申,庚申,乙丑,己丑,戊申,乙辰,庚申,乙未,己酉,乙亥,癸卯,辛酉,庚午,丙寅,甲辰,戊申,HSI,5860123983374823807,2025-06-02 02:35:34.008045+08:00,2025,8,14,10,3,3,False,False,False,False,False,False,226,33,辛,巳,-0.951057,-0.309017,0.5,-0.866025,乙,卯,0.587785,0.809017,1,6.12323e-17,庚,戌,-0.587785,-0.809017,-0.866025,0.5,丙,子,0.951057,0.309017,0,1,甲,申,0,1,-0.866025,-0.5,庚,申,-0.587785,-0.809017,-0.866025,-0.5,乙,丑,0.587785,0.809017,0.5,0.866025,己,丑,1.22465e-16,-1,0.5,0.866025,己,酉,1.22465e-16,-1,-1,-1.83697e-16,乙,亥,0.587785,0.809017,-0.5,0.866025,癸,卯,-0.587785,0.809017,1,6.12323e-17,辛,酉,-0.951057,-0.309017,-1,-1.83697e-16,庚,午,-0.587785,-0.809017,1.22465e-16,-1,丙,寅,0.951057,0.309017,0.866025,0.5,甲,辰,0,1,0.866025,-0.5,戊,申,0.587785,-0.809017,-0.866025,-0.5,死,絕,長生,帝旺,帝旺,養,胎,長生,臨官,死,死,冠帶,臨官,沐浴,胎,病,病,養,沐浴,臨官,病,胎,胎,衰,帝旺,病,絕,沐浴,沐浴,墓庫,長生,胎,死,臨官,臨官,墓庫
53,2025-08-15 10:35:30.746085+08:00,2025-08-15 10:35:30.746085+08:00,HSI,癸巳,丙辰,辛亥,戊子,甲申,庚申,乙丑,己丑,庚申,丙巳,庚申,乙未,己酉,乙亥,癸卯,辛酉,庚午,丙寅,甲辰,戊申,HSI,17560058806148102441,2025-06-02 02:35:34.008045+08:00,2025,8,15,10,4,3,False,False,False,False,False,False,227,33,癸,巳,-0.587785,0.809017,0.5,-0.866025,丙,辰,0.951057,0.309017,0.866025,-0.5,辛,亥,-0.951057,-0.309017,-0.5,0.866025,戊,子,0.587785,-0.809017,0,1,甲,申,0,1,-0.866025,-0.5,庚,申,-0.587785,-0.809017,-0.866025,-0.5,乙,丑,0.587785,0.809017,0.5,0.866025,己,丑,1.22465e-16,-1,0.5,0.866025,己,酉,1.22465e-16,-1,-1,-1.83697e-16,乙,亥,0.587785,0.809017,-0.5,0.866025,癸,卯,-0.587785,0.809017,1,6.12323e-17,辛,酉,-0.951057,-0.309017,-1,-1.83697e-16,庚,午,-0.587785,-0.809017,1.22465e-16,-1,丙,寅,0.951057,0.309017,0.866025,0.5,甲,辰,0,1,0.866025,-0.5,戊,申,0.587785,-0.809017,-0.866025,-0.5,死,墓庫,長生,帝旺,帝旺,養,胎,養,臨官,死,死,冠帶,臨官,冠帶,胎,病,病,養,沐浴,冠帶,病,胎,胎,衰,帝旺,衰,絕,沐浴,沐浴,墓庫,長生,養,死,臨官,臨官,墓庫
54,2025-08-18 10:35:30.746085+08:00,2025-08-18 10:35:30.746085+08:00,HSI,己巳,己未,甲寅,甲子,甲申,庚申,乙丑,己丑,丙申,己申,乙申,乙未,己酉,乙亥,癸卯,辛酉,庚午,丙寅,甲辰,戊申,HSI,15973199774966468239,2025-06-02 02:35:34.008045+08:00,2025,8,18,10,0,3,False,False,False,False,False,False,230,34,己,巳,1.22465e-16,-1,0.5,-0.866025,己,未,1.22465e-16,-1,-0.5,-0.866025,甲,寅,0,1,0.866025,0.5,甲,子,0,1,0,1,甲,申,0,1,-0.866025,-0.5,庚,申,-0.587785,-0.809017,-0.866025,-0.5,乙,丑,0.587785,0.809017,0.5,0.866025,己,丑,1.22465e-16,-1,0.5,0.866025,己,酉,1.22465e-16,-1,-1,-1.83697e-16,乙,亥,0.587785,0.809017,-0.5,0.866025,癸,卯,-0.587785,0.809017,1,6.12323e-17,辛,酉,-0.951057,-0.309017,-1,-1.83697e-16,庚,午,-0.587785,-0.809017,1.22465e-16,-1,丙,寅,0.951057,0.309017,0.866025,0.5,甲,辰,0,1,0.866025,-0.5,戊,申,0.587785,-0.809017,-0.866025,-0.5,死,衰,長生,帝旺,帝旺,養,胎,墓庫,臨官,死,死,冠帶,臨官,衰,胎,病,病,養,沐浴,養,病,胎,胎,衰,帝旺,冠帶,絕,沐浴,沐浴,墓庫,長生,冠帶,死,臨官,臨官,墓庫
55,2025-08-19 10:35:30.746085+08:00,2025-08-19 10:35:30.746085+08:00,HSI,辛巳,庚申,乙卯,丙子,甲申,庚申,乙丑,己丑,戊申,庚酉,乙申,乙未,己酉,乙亥,癸卯,辛酉,庚午,丙寅,甲辰,戊申,HSI,8167050155089572920,2025-06-02 02:35:34.008045+08:00,2025,8,19,10,1,3,False,False,False,False,False,False,231,34,辛,巳,-0.951057,-0.309017,0.5,-0.866025,庚,申,-0.587785,-0.809017,-0.866025,-0.5,乙,卯,0.587785,0.809017,1,6.12323e-17,丙,子,0.951057,0.309017,0,1,甲,申,0,1,-0.866025,-0.5,庚,申,-0.587785,-0.809017,-0.866025,-0.5,乙,丑,0.587785,0.809017,0.5,0.866025,己,丑,1.22465e-16,-1,0.5,0.866025,己,酉,1.22465e-16,-1,-1,-1.83697e-16,乙,亥,0.587785,0.809017,-0.5,0.866025,癸,卯,-0.587785,0.809017,1,6.12323e-17,辛,酉,-0.951057,-0.309017,-1,-1.83697e-16,庚,午,-0.587785,-0.809017,1.22465e-16,-1,丙,寅,0.951057,0.309017,0.866025,0.5,甲,辰,0,1,0.866025,-0.5,戊,申,0.587785,-0.809017,-0.866025,-0.5,死,帝旺,長生,帝旺,帝旺,養,胎,死,臨官,死,死,冠帶,臨官,病,胎,病,病,養,沐浴,胎,病,胎,胎,衰,帝旺,沐浴,絕,沐浴,沐浴,墓庫,長生,臨官,死,臨官,臨官,墓庫
56,2025-08-20 10:35:30.746085+08:00,2025-08-20 10:35:30.746085+08:00,HSI,癸巳,辛酉,丙辰,戊子,甲申,庚申,乙丑,己丑,庚申,辛戌,丙申,乙未,己酉,乙亥,癸卯,辛酉,庚午,丙寅,甲辰,戊申,HSI,8925420887608497956,2025-06-02 02:35:34.008045+08:00,2025,8,20,10,2,3,False,False,False,False,False,False,232,34,癸,巳,-0.587785,0.809017,0.5,-0.866025,辛,酉,-0.951057,-0.309017,-1,-1.83697e-16,丙,辰,0.951057,0.309017,0.866025,-0.5,戊,子,0.587785,-0.809017,0,1,甲,申,0,1,-0.866025,-0.5,庚,申,-0.587785,-0.809017,-0.866025,-0.5,乙,丑,0.587785,0.809017,0.5,0.866025,己,丑,1.22465e-16,-1,0.5,0.866025,己,酉,1.22465e-16,-1,-1,-1.83697e-16,乙,亥,0.587785,0.809017,-0.5,0.866025,癸,卯,-0.587785,0.809017,1,6.12323e-17,辛,酉,-0.951057,-0.309017,-1,-1.83697e-16,庚,午,-0.587785,-0.809017,1.22465e-16,-1,丙,寅,0.951057,0.309017,0.866025,0.5,甲,辰,0,1,0.866025,-0.5,戊,申,0.587785,-0.809017,-0.866025,-0.5,死,臨官,長生,帝旺,帝旺,養,胎,病,臨官,死,死,冠帶,臨官,死,胎,病,病,養,沐浴,絕,病,胎,胎,衰,帝旺,長生,絕,沐浴,沐浴,墓庫,長生,帝旺,死,臨官,臨官,墓庫
57,2025-08-21 10:35:30.746085+08:00,2025-08-21 10:35:30.746085+08:00,HSI,乙巳,壬戌,丁巳,庚子,甲申,庚申,乙丑,己丑,壬申,壬亥,丙申,乙未,己酉,乙亥,癸卯,辛酉,庚午,丙寅,甲辰,戊申,HSI,18243299453849375394,2025-06-02 02:35:34.008045+08:00,2025,8,21,10,3,3,False,False,False,False,False,False,233,34,乙,巳,0.587785,0.809017,0.5,-0.866025,壬,戌,-0.951057,0.309017,-0.866025,0.5,丁,巳,0.951057,-0.309017,0.5,-0.866025,庚,子,-0.587785,-0.809017,0,1,甲,申,0,1,-0.866025,-0.5,庚,申,-0.587785,-0.809017,-0.866025,-0.5,乙,丑,0.587785,0.809017,0.5,0.866025,己,丑,1.22465e-16,-1,0.5,0.866025,己,酉,1.22465e-16,-1,-1,-1.83697e-16,乙,亥,0.587785,0.809017,-0.5,0.866025,癸,卯,-0.587785,0.809017,1,6.12323e-17,辛,酉,-0.951057,-0.309017,-1,-1.83697e-16,庚,午,-0.587785,-0.809017,1.22465e-16,-1,丙,寅,0.951057,0.309017,0.866025,0.5,甲,辰,0,1,0.866025,-0.5,戊,申,0.587785,-0.809017,-0.866025,-0.5,死,冠帶,長生,帝旺,帝旺,養,胎,衰,臨官,死,死,冠帶,臨官,墓庫,胎,病,病,養,沐浴,墓庫,病,胎,胎,衰,帝旺,養,絕,沐浴,沐浴,墓庫,長生,衰,死,臨官,臨官,墓庫
58,2025-08-22 10:35:30.746085+08:00,2025-08-22 10:35:30.746085+08:00,HSI,丁巳,癸亥,戊午,壬子,甲申,庚申,乙丑,己丑,甲申,癸子,丙申,乙未,己酉,乙亥,癸卯,辛酉,庚午,丙寅,甲辰,戊申,HSI,14432664636649492111,2025-06-02 02:35:34.008045+08:00,2025,8,22,10,4,3,False,False,False,False,False,False,234,34,丁,巳,0.951057,-0.309017,0.5,-0.866025,癸,亥,-0.587785,0.809017,-0.5,0.866025,戊,午,0.587785,-0.809017,1.22465e-16,-1,壬,子,-0.951057,0.309017,0,1,甲,申,0,1,-0.866025,-0.5,庚,申,-0.587785,-0.809017,-0.866025,-0.5,乙,丑,0.587785,0.809017,0.5,0.866025,己,丑,1.22465e-16,-1,0.5,0.866025,己,酉,1.22465e-16,-1,-1,-1.83697e-16,乙,亥,0.587785,0.809017,-0.5,0.866025,癸,卯,-0.587785,0.809017,1,6.12323e-17,辛,酉,-0.951057,-0.309017,-1,-1.83697e-16,庚,午,-0.587785,-0.809017,1.22465e-16,-1,丙,寅,0.951057,0.309017,0.866025,0.5,甲,辰,0,1,0.866025,-0.5,戊,申,0.587785,-0.809017,-0.866025,-0.5,死,沐浴,長生,帝旺,帝旺,養,胎,帝旺,臨官,死,死,冠帶,臨官,絕,胎,病,病,養,沐浴,死,病,胎,胎,衰,帝旺,胎,絕,沐浴,沐浴,墓庫,長生,病,死,臨官,臨官,墓庫
59,2025-08-25 10:35:30.746085+08:00,2025-08-25 10:35:30.746085+08:00,HSI,癸巳,丙寅,辛酉,戊子,己亥,庚申,乙丑,甲辰,庚申,丙卯,辛亥,庚申,己酉,乙亥,癸卯,辛酉,庚午,丙寅,甲辰,戊申,HSI,14221729850410458969,2025-06-02 02:35:34.008045+08:00,2025,8,25,10,0,3,False,False,False,False,False,False,237,35,癸,巳,-0.587785,0.809017,0.5,-0.866025,丙,寅,0.951057,0.309017,0.866025,0.5,辛,酉,-0.951057,-0.309017,-1,-1.83697e-16,戊,子,0.587785,-0.809017,0,1,己,亥,1.22465e-16,-1,-0.5,0.866025,庚,申,-0.587785,-0.809017,-0.866025,-0.5,乙,丑,0.587785,0.809017,0.5,0.866025,甲,辰,0,1,0.866025,-0.5,己,酉,1.22465e-16,-1,-1,-1.83697e-16,乙,亥,0.587785,0.809017,-0.5,0.866025,癸,卯,-0.587785,0.809017,1,6.12323e-17,辛,酉,-0.951057,-0.309017,-1,-1.83697e-16,庚,午,-0.587785,-0.809017,1.22465e-16,-1,丙,寅,0.951057,0.309017,0.866025,0.5,甲,辰,0,1,0.866025,-0.5,戊,申,0.587785,-0.809017,-0.866025,-0.5,死,胎,長生,沐浴,帝旺,墓庫,胎,沐浴,臨官,帝旺,死,養,臨官,長生,胎,絕,病,冠帶,沐浴,帝旺,病,死,胎,冠帶,帝旺,死,絕,胎,沐浴,衰,長生,絕,死,病,臨官,養
60,2025-08-26 10:35:30.746085+08:00,2025-08-26 10:35:30.746085+08:00,HSI,乙巳,丁卯,壬戌,庚子,己亥,庚申,乙丑,甲辰,壬申,丁辰,壬亥,庚申,己酉,乙亥,癸卯,辛酉,庚午,丙寅,甲辰,戊申,HSI,18266969154756847590,2025-06-02 02:35:34.008045+08:00,2025,8,26,10,1,3,False,False,False,False,False,False,238,35,乙,巳,0.587785,0.809017,0.5,-0.866025,丁,卯,0.951057,-0.309017,1,6.12323e-17,壬,戌,-0.951057,0.309017,-0.866025,0.5,庚,子,-0.587785,-0.809017,0,1,己,亥,1.22465e-16,-1,-0.5,0.866025,庚,申,-0.587785,-0.809017,-0.866025,-0.5,乙,丑,0.587785,0.809017,0.5,0.866025,甲,辰,0,1,0.866025,-0.5,己,酉,1.22465e-16,-1,-1,-1.83697e-16,乙,亥,0.587785,0.809017,-0.5,0.866025,癸,卯,-0.587785,0.809017,1,6.12323e-17,辛,酉,-0.951057,-0.309017,-1,-1.83697e-16,庚,午,-0.587785,-0.809017,1.22465e-16,-1,丙,寅,0.951057,0.309017,0.866025,0.5,甲,辰,0,1,0.866025,-0.5,戊,申,0.587785,-0.809017,-0.866025,-0.5,死,絕,長生,沐浴,帝旺,墓庫,胎,長生,臨官,帝旺,死,養,臨官,沐浴,胎,絕,病,冠帶,沐浴,臨官,病,死,胎,冠帶,帝旺,病,絕,胎,沐浴,衰,長生,胎,死,病,臨官,養
61,2025-08-27 10:35:30.746085+08:00,2025-08-27 10:35:30.746085+08:00,HSI,丁巳,戊辰,癸亥,壬子,己亥,庚申,乙丑,甲辰,甲申,戊巳,壬亥,庚申,己酉,乙亥,癸卯,辛酉,庚午,丙寅,甲辰,戊申,HSI,16561635941929292543,2025-06-02 02:35:34.008045+08:00,2025,8,27,10,2,3,False,False,False,False,False,False,239,35,丁,巳,0.951057,-0.309017,0.5,-0.866025,戊,辰,0.587785,-0.809017,0.866025,-0.5,癸,亥,-0.587785,0.809017,-0.5,0.866025,壬,子,-0.951057,0.309017,0,1,己,亥,1.22465e-16,-1,-0.5,0.866025,庚,申,-0.587785,-0.809017,-0.866025,-0.5,乙,丑,0.587785,0.809017,0.5,0.866025,甲,辰,0,1,0.866025,-0.5,己,酉,1.22465e-16,-1,-1,-1.83697e-16,乙,亥,0.587785,0.809017,-0.5,0.866025,癸,卯,-0.587785,0.809017,1,6.12323e-17,辛,酉,-0.951057,-0.309017,-1,-1.83697e-16,庚,午,-0.587785,-0.809017,1.22465e-16,-1,丙,寅,0.951057,0.309017,0.866025,0.5,甲,辰,0,1,0.866025,-0.5,戊,申,0.587785,-0.809017,-0.866025,-0.5,死,墓庫,長生,沐浴,帝旺,墓庫,胎,養,臨官,帝旺,死,養,臨官,冠帶,胎,絕,病,冠帶,沐浴,冠帶,病,死,胎,冠帶,帝旺,衰,絕,胎,沐浴,衰,長生,養,死,病,臨官,養
62,2025-08-28 10:35:30.746085+08:00,2025-08-28 10:35:30.746085+08:00,HSI,己巳,己巳,甲子,甲子,己亥,庚申,乙丑,甲辰,丙申,己午,壬亥,庚申,己酉,乙亥,癸卯,辛酉,庚午,丙寅,甲辰,戊申,HSI,7407498796809905403,2025-06-02 02:35:34.008045+08:00,2025,8,28,10,3,3,False,False,False,False,False,False,240,35,己,巳,1.22465e-16,-1,0.5,-0.866025,己,巳,1.22465e-16,-1,0.5,-0.866025,甲,子,0,1,0,1,甲,子,0,1,0,1,己,亥,1.22465e-16,-1,-0.5,0.866025,庚,申,-0.587785,-0.809017,-0.866025,-0.5,乙,丑,0.587785,0.809017,0.5,0.866025,甲,辰,0,1,0.866025,-0.5,己,酉,1.22465e-16,-1,-1,-1.83697e-16,乙,亥,0.587785,0.809017,-0.5,0.866025,癸,卯,-0.587785,0.809017,1,6.12323e-17,辛,酉,-0.951057,-0.309017,-1,-1.83697e-16,庚,午,-0.587785,-0.809017,1.22465e-16,-1,丙,寅,0.951057,0.309017,0.866025,0.5,甲,辰,0,1,0.866025,-0.5,戊,申,0.587785,-0.809017,-0.866025,-0.5,死,死,長生,沐浴,帝旺,墓庫,胎,胎,臨官,帝旺,死,養,臨官,臨官,胎,絕,病,冠帶,沐浴,沐浴,病,死,胎,冠帶,帝旺,帝旺,絕,胎,沐浴,衰,長生,長生,死,病,臨官,養
63,2025-08-29 10:35:30.746085+08:00,2025-08-29 10:35:30.746085+08:00,HSI,辛巳,庚午,乙丑,丙子,己亥,庚申,乙丑,甲辰,戊申,庚未,丁亥,庚申,己酉,乙亥,癸卯,辛酉,庚午,丙寅,甲辰,戊申,HSI,16057257346201060447,2025-06-02 02:35:34.008045+08:00,2025,8,29,10,4,3,False,False,False,False,False,False,241,35,辛,巳,-0.951057,-0.309017,0.5,-0.866025,庚,午,-0.587785,-0.809017,1.22465e-16,-1,乙,丑,0.587785,0.809017,0.5,0.866025,丙,子,0.951057,0.309017,0,1,己,亥,1.22465e-16,-1,-0.5,0.866025,庚,申,-0.587785,-0.809017,-0.866025,-0.5,乙,丑,0.587785,0.809017,0.5,0.866025,甲,辰,0,1,0.866025,-0.5,己,酉,1.22465e-16,-1,-1,-1.83697e-16,乙,亥,0.587785,0.809017,-0.5,0.866025,癸,卯,-0.587785,0.809017,1,6.12323e-17,辛,酉,-0.951057,-0.309017,-1,-1.83697e-16,庚,午,-0.587785,-0.809017,1.22465e-16,-1,丙,寅,0.951057,0.309017,0.866025,0.5,甲,辰,0,1,0.866025,-0.5,戊,申,0.587785,-0.809017,-0.866025,-0.5,死,病,長生,沐浴,帝旺,墓庫,胎,絕,臨官,帝旺,死,養,臨官,帝旺,胎,絕,病,冠帶,沐浴,長生,病,死,胎,冠帶,帝旺,臨官,絕,胎,沐浴,衰,長生,沐浴,死,病,臨官,養
