,time,current_hour_pillar,current_day_pillar,current_day_pillar_minus,current_hour_pillar_minus,current_month_pillar,current_year_pillar,current_year_pillar_minus,current_month_pillar_minus,current_wuxi_hour,current_wuxi_day,current_wuxi_month,current_wuxi_year,base_year_pillar,base_month_pillar,base_day_pillar,base_hour_pillar,base_month_pillar_minus,base_hour_pillar_minus,base_year_pillar_minus,base_day_pillar_minus,stock_code,uuid,last_modified_date
0,2024-12-09 02:41:10.789742+08:00,辛丑,丁未,壬子,丙午,丙子,己未,甲寅,辛未,戊辰,丁午,丙子,己卯,己酉,乙亥,癸卯,丙辰,庚午,辛酉,甲辰,戊申,HSI,6693728370945560820,2025-06-03 18:41:28.014756+08:00
1,2024-12-10 02:41:10.789742+08:00,癸丑,戊申,癸丑,戊午,丙子,己未,甲寅,辛未,庚辰,戊未,辛子,己卯,己酉,乙亥,癸卯,丙辰,庚午,辛酉,甲辰,戊申,HSI,17261678800502913534,2025-06-03 18:41:28.014756+08:00
2,2024-12-11 02:41:10.789742+08:00,乙丑,己酉,甲寅,庚午,丙子,己未,甲寅,辛未,壬辰,己申,辛子,己卯,己酉,乙亥,癸卯,丙辰,庚午,辛酉,甲辰,戊申,HSI,11255998493985328887,2025-06-03 18:41:28.014756+08:00
3,2024-12-12 02:41:10.789742+08:00,丁丑,庚戌,乙卯,壬午,丙子,己未,甲寅,辛未,甲辰,庚酉,辛子,己卯,己酉,乙亥,癸卯,丙辰,庚午,辛酉,甲辰,戊申,HSI,5065990043645576911,2025-06-03 18:41:28.014756+08:00
4,2024-12-13 02:41:10.789742+08:00,己丑,辛亥,丙辰,甲午,丙子,己未,甲寅,辛未,丙辰,辛戌,壬子,己卯,己酉,乙亥,癸卯,丙辰,庚午,辛酉,甲辰,戊申,HSI,8761494303542686890,2025-06-03 18:41:28.014756+08:00
5,2024-12-16 02:41:10.789742+08:00,乙丑,甲寅,己未,庚午,丙子,己未,甲寅,辛未,壬辰,甲丑,丁子,己卯,己酉,乙亥,癸卯,丙辰,庚午,辛酉,甲辰,戊申,HSI,12086392477807612956,2025-06-03 18:41:28.014756+08:00
6,2024-12-17 02:41:10.789742+08:00,丁丑,乙卯,庚申,壬午,丙子,己未,甲寅,辛未,甲辰,乙寅,丁子,己卯,己酉,乙亥,癸卯,丙辰,庚午,辛酉,甲辰,戊申,HSI,7928009017863474251,2025-06-03 18:41:28.014756+08:00
7,2024-12-18 02:41:10.789742+08:00,己丑,丙辰,辛酉,甲午,丙子,己未,甲寅,辛未,丙辰,丙卯,丁子,己卯,己酉,乙亥,癸卯,丙辰,庚午,辛酉,甲辰,戊申,HSI,7086046850878627244,2025-06-03 18:41:28.014756+08:00
8,2024-12-19 02:41:10.789742+08:00,辛丑,丁巳,壬戌,丙午,丙子,己未,甲寅,辛未,戊辰,丁辰,戊子,己卯,己酉,乙亥,癸卯,丙辰,庚午,辛酉,甲辰,戊申,HSI,14822270204993780456,2025-06-03 18:41:28.014756+08:00
9,2024-12-20 02:41:10.789742+08:00,癸丑,戊午,癸亥,戊午,丙子,己未,甲寅,辛未,庚辰,戊巳,戊子,己卯,己酉,乙亥,癸卯,丙辰,庚午,辛酉,甲辰,戊申,HSI,7379924155121552799,2025-06-03 18:41:28.014756+08:00
10,2024-12-23 02:41:10.789742+08:00,己丑,辛酉,丙寅,甲午,辛卯,己未,甲寅,丙戌,丙辰,辛申,癸卯,己卯,己酉,乙亥,癸卯,丙辰,庚午,辛酉,甲辰,戊申,HSI,7758373415397521280,2025-06-03 18:41:28.014756+08:00
11,2024-12-24 02:41:10.789742+08:00,辛丑,壬戌,丁卯,丙午,辛卯,己未,甲寅,丙戌,戊辰,壬酉,癸卯,己卯,己酉,乙亥,癸卯,丙辰,庚午,辛酉,甲辰,戊申,HSI,3720486970498939177,2025-06-03 18:41:28.014756+08:00
12,2024-12-25 02:41:10.789742+08:00,癸丑,癸亥,戊辰,戊午,辛卯,己未,甲寅,丙戌,庚辰,癸戌,甲卯,己卯,己酉,乙亥,癸卯,丙辰,庚午,辛酉,甲辰,戊申,HSI,2688333514175810354,2025-06-03 18:41:28.014756+08:00
13,2024-12-26 02:41:10.789742+08:00,乙丑,甲子,己巳,庚午,辛卯,己未,甲寅,丙戌,壬辰,甲亥,甲卯,己卯,己酉,乙亥,癸卯,丙辰,庚午,辛酉,甲辰,戊申,HSI,16854255303665985495,2025-06-03 18:41:28.014756+08:00
14,2024-12-27 02:41:10.789742+08:00,丁丑,乙丑,庚午,壬午,辛卯,己未,甲寅,丙戌,甲辰,乙子,甲卯,己卯,己酉,乙亥,癸卯,丙辰,庚午,辛酉,甲辰,戊申,HSI,10017770430725400184,2025-06-03 18:41:28.014756+08:00
15,2024-12-30 02:41:10.789742+08:00,癸丑,戊辰,癸酉,戊午,辛卯,己未,甲寅,丙戌,庚辰,戊卯,己卯,己卯,己酉,乙亥,癸卯,丙辰,庚午,辛酉,甲辰,戊申,HSI,12476128976090000654,2025-06-03 18:41:28.014756+08:00
16,2024-12-31 02:41:10.789742+08:00,乙丑,己巳,甲戌,庚午,辛卯,己未,甲寅,丙戌,壬辰,己辰,庚卯,己卯,己酉,乙亥,癸卯,丙辰,庚午,辛酉,甲辰,戊申,HSI,5277053275308499960,2025-06-03 18:41:28.014756+08:00
17,2025-01-01 02:41:10.789742+08:00,丁丑,庚午,乙亥,壬午,辛卯,己未,甲寅,丙戌,甲辰,庚巳,丙子,己卯,己酉,乙亥,癸卯,丙辰,庚午,辛酉,甲辰,戊申,HSI,3960102295369224734,2025-06-03 18:41:28.014756+08:00
18,2025-01-02 02:41:10.789742+08:00,己丑,辛未,丙子,甲午,辛卯,己未,甲寅,丙戌,丙辰,辛午,丙子,己卯,己酉,乙亥,癸卯,丙辰,庚午,辛酉,甲辰,戊申,HSI,1157703073353367422,2025-06-03 18:41:28.014756+08:00
19,2025-01-03 02:41:10.789742+08:00,辛丑,壬申,丁丑,丙午,辛卯,己未,甲寅,丙戌,戊辰,壬未,丙子,己卯,己酉,乙亥,癸卯,丙辰,庚午,辛酉,甲辰,戊申,HSI,9003609957458290008,2025-06-03 18:41:28.014756+08:00
20,2025-01-06 02:41:10.789742+08:00,丁丑,乙亥,庚辰,壬午,丁丑,己未,甲寅,壬申,甲辰,乙戌,丙辰,己卯,己酉,乙亥,癸卯,丙辰,庚午,辛酉,甲辰,戊申,HSI,11590364398805263813,2025-06-03 18:41:28.014756+08:00
21,2025-01-07 02:41:10.789742+08:00,己丑,丙子,辛巳,甲午,丁丑,己未,甲寅,壬申,丙辰,丙亥,丙辰,己卯,己酉,乙亥,癸卯,丙辰,庚午,辛酉,甲辰,戊申,HSI,16581112029672590183,2025-06-03 18:41:28.014756+08:00
22,2025-01-08 02:41:10.789742+08:00,辛丑,丁丑,壬午,丙午,丁丑,己未,甲寅,壬申,戊辰,丁子,丙辰,己卯,己酉,乙亥,癸卯,丙辰,庚午,辛酉,甲辰,戊申,HSI,7925673433561261831,2025-06-03 18:41:28.014756+08:00
23,2025-01-09 02:41:10.789742+08:00,癸丑,戊寅,癸未,戊午,丁丑,己未,甲寅,壬申,庚辰,戊丑,丙辰,己卯,己酉,乙亥,癸卯,丙辰,庚午,辛酉,甲辰,戊申,HSI,13065611609474075136,2025-06-03 18:41:28.014756+08:00
24,2025-01-10 02:41:10.789742+08:00,乙丑,己卯,甲申,庚午,丁丑,己未,甲寅,壬申,壬辰,己寅,丙辰,己卯,己酉,乙亥,癸卯,丙辰,庚午,辛酉,甲辰,戊申,HSI,4469946218773718166,2025-06-03 18:41:28.014756+08:00
25,2025-01-13 02:41:10.789742+08:00,辛丑,壬午,丁亥,丙午,丁丑,己未,甲寅,壬申,戊辰,壬巳,丙辰,己卯,己酉,乙亥,癸卯,丙辰,庚午,辛酉,甲辰,戊申,HSI,2955467985623152782,2025-06-03 18:41:28.014756+08:00
26,2025-01-14 02:41:10.789742+08:00,癸丑,癸未,戊子,戊午,丁丑,己未,甲寅,壬申,庚辰,癸午,丙辰,己卯,己酉,乙亥,癸卯,丙辰,庚午,辛酉,甲辰,戊申,HSI,2525076447806088639,2025-06-03 18:41:28.014756+08:00
27,2025-01-15 02:41:10.789742+08:00,乙丑,甲申,己丑,庚午,丁丑,己未,甲寅,壬申,壬辰,甲未,丙辰,己卯,己酉,乙亥,癸卯,丙辰,庚午,辛酉,甲辰,戊申,HSI,16692575930826736632,2025-06-03 18:41:28.014756+08:00
28,2025-01-16 02:41:10.789742+08:00,丁丑,乙酉,庚寅,壬午,丁丑,己未,甲寅,壬申,甲辰,乙申,丙辰,己卯,己酉,乙亥,癸卯,丙辰,庚午,辛酉,甲辰,戊申,HSI,14452969254906008307,2025-06-03 18:41:28.014756+08:00
29,2025-01-17 02:41:10.789742+08:00,己丑,丙戌,辛卯,甲午,丁丑,己未,甲寅,壬申,丙辰,丙酉,丙辰,己卯,己酉,乙亥,癸卯,丙辰,庚午,辛酉,甲辰,戊申,HSI,5428761702885976805,2025-06-03 18:41:28.014756+08:00
30,2025-01-20 02:41:10.789742+08:00,乙丑,己丑,甲申,庚申,丁丑,甲辰,己酉,壬午,壬辰,己子,丙辰,己卯,己酉,乙亥,癸卯,丙辰,庚午,辛酉,甲辰,戊申,HSI,17076330850547152407,2025-06-03 18:41:28.014756+08:00
31,2025-01-21 02:41:10.789742+08:00,丁丑,庚寅,乙酉,壬申,壬辰,甲辰,己酉,丁酉,甲辰,庚丑,甲辰,己卯,己酉,乙亥,癸卯,丙辰,庚午,辛酉,甲辰,戊申,HSI,1497618302125348659,2025-06-03 18:41:28.014756+08:00
32,2025-01-22 02:41:10.789742+08:00,己丑,辛卯,丙戌,甲申,壬辰,甲辰,己酉,丁酉,丙辰,辛寅,甲辰,己卯,己酉,乙亥,癸卯,丙辰,庚午,辛酉,甲辰,戊申,HSI,13945306051387155479,2025-06-03 18:41:28.014756+08:00
33,2025-01-23 02:41:10.789742+08:00,辛丑,壬辰,丁亥,丙申,壬辰,甲辰,己酉,丁酉,戊辰,壬卯,甲辰,己卯,己酉,乙亥,癸卯,丙辰,庚午,辛酉,甲辰,戊申,HSI,5420473995021955939,2025-06-03 18:41:28.014756+08:00
34,2025-01-24 02:41:10.789742+08:00,癸丑,癸巳,戊子,戊申,壬辰,甲辰,己酉,丁酉,庚辰,癸辰,乙辰,己卯,己酉,乙亥,癸卯,丙辰,庚午,辛酉,甲辰,戊申,HSI,9555275890768572128,2025-06-03 18:41:28.014756+08:00
35,2025-01-27 02:41:10.789742+08:00,己丑,丙申,辛卯,甲申,壬辰,甲辰,己酉,丁酉,丙辰,丙未,庚辰,己卯,己酉,乙亥,癸卯,丙辰,庚午,辛酉,甲辰,戊申,HSI,16294427821078268361,2025-06-03 18:41:28.014756+08:00
36,2025-01-28 02:41:10.789742+08:00,辛丑,丁酉,壬辰,丙申,壬辰,甲辰,己酉,丁酉,戊辰,丁申,庚辰,己卯,己酉,乙亥,癸卯,丙辰,庚午,辛酉,甲辰,戊申,HSI,11723576932080325999,2025-06-03 18:41:28.014756+08:00
37,2025-01-29 02:41:10.789742+08:00,癸丑,戊戌,癸卯,戊午,甲辰,乙巳,庚子,己亥,庚辰,戊酉,癸辰,乙巳,己酉,乙亥,癸卯,丙辰,庚午,辛酉,甲辰,戊申,HSI,8281934649331066177,2025-06-03 18:41:28.014756+08:00
38,2025-01-30 02:41:10.789742+08:00,乙丑,己亥,甲辰,庚午,甲辰,乙巳,庚子,己亥,壬辰,己戌,癸辰,乙巳,己酉,乙亥,癸卯,丙辰,庚午,辛酉,甲辰,戊申,HSI,16782760558565375903,2025-06-03 18:41:28.014756+08:00
39,2025-01-31 02:41:10.789742+08:00,丁丑,庚子,乙巳,壬午,甲辰,乙巳,庚子,己亥,甲辰,庚亥,癸辰,乙巳,己酉,乙亥,癸卯,丙辰,庚午,辛酉,甲辰,戊申,HSI,8335090323534744114,2025-06-03 18:41:28.014756+08:00
40,2025-02-03 02:41:10.789742+08:00,癸丑,癸卯,戊申,戊午,甲辰,乙巳,庚子,己亥,庚辰,癸寅,戊辰,乙巳,己酉,乙亥,癸卯,丙辰,庚午,辛酉,甲辰,戊申,HSI,16647338849107679330,2025-06-03 18:41:28.014756+08:00
41,2025-02-04 02:41:10.789742+08:00,乙丑,甲辰,己酉,庚午,戊寅,乙巳,庚子,癸酉,壬辰,甲卯,戊寅,乙巳,己酉,乙亥,癸卯,丙辰,庚午,辛酉,甲辰,戊申,HSI,6144668978683282336,2025-06-03 18:41:28.014756+08:00
42,2025-02-05 02:41:10.789742+08:00,丁丑,乙巳,庚戌,壬午,戊寅,乙巳,庚子,癸酉,甲辰,乙辰,戊寅,乙巳,己酉,乙亥,癸卯,丙辰,庚午,辛酉,甲辰,戊申,HSI,2073702681377686669,2025-06-03 18:41:28.014756+08:00
43,2025-02-06 02:41:10.789742+08:00,己丑,丙午,辛亥,甲午,戊寅,乙巳,庚子,癸酉,丙辰,丙巳,戊寅,乙巳,己酉,乙亥,癸卯,丙辰,庚午,辛酉,甲辰,戊申,HSI,3488239198597722241,2025-06-03 18:41:28.014756+08:00
44,2025-02-07 02:41:10.789742+08:00,辛丑,丁未,壬子,丙午,戊寅,乙巳,庚子,癸酉,戊辰,丁午,癸寅,乙巳,己酉,乙亥,癸卯,丙辰,庚午,辛酉,甲辰,戊申,HSI,8345216667838628987,2025-06-03 18:41:28.014756+08:00
45,2025-02-10 02:41:10.789742+08:00,丁丑,庚戌,乙卯,壬午,戊寅,乙巳,庚子,癸酉,甲辰,庚酉,甲寅,乙巳,己酉,乙亥,癸卯,丙辰,庚午,辛酉,甲辰,戊申,HSI,10029101687063397600,2025-06-03 18:41:28.014756+08:00
46,2025-02-11 02:41:10.789742+08:00,己丑,辛亥,丙辰,甲午,戊寅,乙巳,庚子,癸酉,丙辰,辛戌,甲寅,乙巳,己酉,乙亥,癸卯,丙辰,庚午,辛酉,甲辰,戊申,HSI,3861584627881754552,2025-06-03 18:41:28.014756+08:00
47,2025-02-12 02:41:10.789742+08:00,辛丑,壬子,丁巳,丙午,戊寅,乙巳,庚子,癸酉,戊辰,壬亥,甲寅,乙巳,己酉,乙亥,癸卯,丙辰,庚午,辛酉,甲辰,戊申,HSI,4727597837916631610,2025-06-03 18:41:28.014756+08:00
48,2025-02-13 02:41:10.789742+08:00,癸丑,癸丑,戊午,戊午,戊寅,乙巳,庚子,癸酉,庚辰,癸子,己寅,乙巳,己酉,乙亥,癸卯,丙辰,庚午,辛酉,甲辰,戊申,HSI,10126872271634499309,2025-06-03 18:41:28.014756+08:00
49,2025-02-14 02:41:10.789742+08:00,乙丑,甲寅,己未,庚午,戊寅,乙巳,庚子,癸酉,壬辰,甲丑,己寅,乙巳,己酉,乙亥,癸卯,丙辰,庚午,辛酉,甲辰,戊申,HSI,17140775870966004028,2025-06-03 18:41:28.014756+08:00
50,2025-02-17 02:41:10.789742+08:00,辛丑,丁巳,壬戌,丙午,戊寅,乙巳,庚子,癸酉,戊辰,丁辰,庚寅,乙巳,己酉,乙亥,癸卯,丙辰,庚午,辛酉,甲辰,戊申,HSI,2910304411590482972,2025-06-03 18:41:28.014756+08:00
51,2025-02-18 02:41:10.789742+08:00,癸丑,戊午,癸亥,戊午,戊寅,乙巳,庚子,癸酉,庚辰,戊巳,庚寅,乙巳,己酉,乙亥,癸卯,丙辰,庚午,辛酉,甲辰,戊申,HSI,1053209337162401082,2025-06-03 18:41:28.014756+08:00
52,2025-02-19 02:41:10.789742+08:00,乙丑,己未,甲子,庚午,癸巳,乙巳,庚子,戊子,壬辰,己午,乙巳,乙巳,己酉,乙亥,癸卯,丙辰,庚午,辛酉,甲辰,戊申,HSI,16818401040542881832,2025-06-03 18:41:28.014756+08:00
53,2025-02-20 02:41:10.789742+08:00,丁丑,庚申,乙丑,壬午,癸巳,乙巳,庚子,戊子,甲辰,庚未,乙巳,乙巳,己酉,乙亥,癸卯,丙辰,庚午,辛酉,甲辰,戊申,HSI,16529500374157222554,2025-06-03 18:41:28.014756+08:00
54,2025-02-21 02:41:10.789742+08:00,己丑,辛酉,丙寅,甲午,癸巳,乙巳,庚子,戊子,丙辰,辛申,乙巳,乙巳,己酉,乙亥,癸卯,丙辰,庚午,辛酉,甲辰,戊申,HSI,14070296112297700186,2025-06-03 18:41:28.014756+08:00
55,2025-02-24 02:41:10.789742+08:00,乙丑,甲子,己巳,庚午,癸巳,乙巳,庚子,戊子,壬辰,甲亥,丙巳,乙巳,己酉,乙亥,癸卯,丙辰,庚午,辛酉,甲辰,戊申,HSI,7700074019998273684,2025-06-03 18:41:28.014756+08:00
56,2025-02-25 02:41:10.789742+08:00,丁丑,乙丑,庚午,壬午,癸巳,乙巳,庚子,戊子,甲辰,乙子,辛巳,乙巳,己酉,乙亥,癸卯,丙辰,庚午,辛酉,甲辰,戊申,HSI,12088421904075151826,2025-06-03 18:41:28.014756+08:00
57,2025-02-26 02:41:10.789742+08:00,己丑,丙寅,辛未,甲午,癸巳,乙巳,庚子,戊子,丙辰,丙丑,辛巳,乙巳,己酉,乙亥,癸卯,丙辰,庚午,辛酉,甲辰,戊申,HSI,9094703241342801246,2025-06-03 18:41:28.014756+08:00
58,2025-02-27 02:41:10.789742+08:00,辛丑,丁卯,壬申,丙午,癸巳,乙巳,庚子,戊子,戊辰,丁寅,辛巳,乙巳,己酉,乙亥,癸卯,丙辰,庚午,辛酉,甲辰,戊申,HSI,2332597268298174729,2025-06-03 18:41:28.014756+08:00
59,2025-02-28 02:41:10.789742+08:00,癸丑,戊辰,癸酉,戊午,癸巳,乙巳,庚子,戊子,庚辰,戊卯,壬巳,乙巳,己酉,乙亥,癸卯,丙辰,庚午,辛酉,甲辰,戊申,HSI,12499265240825939361,2025-06-03 18:41:28.014756+08:00
60,2025-03-03 02:41:10.789742+08:00,己丑,辛未,丙子,甲午,癸巳,乙巳,庚子,戊子,丙辰,辛午,丁巳,乙巳,己酉,乙亥,癸卯,丙辰,庚午,辛酉,甲辰,戊申,HSI,14799659111859696705,2025-06-03 18:41:28.014756+08:00
61,2025-03-04 02:41:10.789742+08:00,辛丑,壬申,丁丑,丙午,癸巳,乙巳,庚子,戊子,戊辰,壬未,丁巳,乙巳,己酉,乙亥,癸卯,丙辰,庚午,辛酉,甲辰,戊申,HSI,12706649273771512255,2025-06-03 18:41:28.014756+08:00
62,2025-03-05 02:41:10.789742+08:00,癸丑,癸酉,戊寅,戊午,癸巳,乙巳,庚子,戊子,庚辰,癸申,丁巳,乙巳,己酉,乙亥,癸卯,丙辰,庚午,辛酉,甲辰,戊申,HSI,462840099400810981,2025-06-03 18:41:28.014756+08:00
63,2025-03-06 02:41:10.789742+08:00,乙丑,甲戌,己卯,庚午,己卯,乙巳,庚子,甲戌,壬辰,甲酉,己卯,乙巳,己酉,乙亥,癸卯,丙辰,庚午,辛酉,甲辰,戊申,HSI,17906026741020190191,2025-06-03 18:41:28.014756+08:00
64,2025-03-07 02:41:10.789742+08:00,丁丑,乙亥,庚辰,壬午,己卯,乙巳,庚子,甲戌,甲辰,乙戌,己卯,乙巳,己酉,乙亥,癸卯,丙辰,庚午,辛酉,甲辰,戊申,HSI,14166842657469377392,2025-06-03 18:41:28.014756+08:00
65,2025-03-10 02:41:10.789742+08:00,癸丑,戊寅,癸未,戊午,己卯,乙巳,庚子,甲戌,庚辰,戊丑,甲卯,乙巳,己酉,乙亥,癸卯,丙辰,庚午,辛酉,甲辰,戊申,HSI,15915646497920539712,2025-06-03 18:41:28.014756+08:00
66,2025-03-11 02:41:10.789742+08:00,乙丑,己卯,甲申,庚午,己卯,乙巳,庚子,甲戌,壬辰,己寅,甲卯,乙巳,己酉,乙亥,癸卯,丙辰,庚午,辛酉,甲辰,戊申,HSI,4000462145780298345,2025-06-03 18:41:28.014756+08:00
67,2025-03-12 02:41:10.789742+08:00,丁丑,庚辰,乙酉,壬午,己卯,乙巳,庚子,甲戌,甲辰,庚卯,乙卯,乙巳,己酉,乙亥,癸卯,丙辰,庚午,辛酉,甲辰,戊申,HSI,15496924510084513961,2025-06-03 18:41:28.014756+08:00
68,2025-03-13 02:41:10.789742+08:00,己丑,辛巳,丙戌,甲午,己卯,乙巳,庚子,甲戌,丙辰,辛辰,乙卯,乙巳,己酉,乙亥,癸卯,丙辰,庚午,辛酉,甲辰,戊申,HSI,7491678661959981744,2025-06-03 18:41:28.014756+08:00
69,2025-03-14 02:41:10.789742+08:00,辛丑,壬午,丁亥,丙午,己卯,乙巳,庚子,甲戌,戊辰,壬巳,乙卯,乙巳,己酉,乙亥,癸卯,丙辰,庚午,辛酉,甲辰,戊申,HSI,8307036442392960237,2025-06-03 18:41:28.014756+08:00
70,2025-03-17 02:41:10.789742+08:00,丁丑,乙酉,庚寅,壬午,己卯,乙巳,庚子,甲戌,甲辰,乙申,庚卯,乙巳,己酉,乙亥,癸卯,丙辰,庚午,辛酉,甲辰,戊申,HSI,7880418047373139847,2025-06-03 18:41:28.014756+08:00
71,2025-03-18 02:41:10.789742+08:00,己丑,丙戌,辛卯,甲午,己卯,乙巳,庚子,甲戌,丙辰,丙酉,辛卯,乙巳,己酉,乙亥,癸卯,丙辰,庚午,辛酉,甲辰,戊申,HSI,6252104808288285921,2025-06-03 18:41:28.014756+08:00
72,2025-03-19 02:41:10.789742+08:00,辛丑,丁亥,壬辰,丙午,己卯,乙巳,庚子,甲戌,戊辰,丁戌,辛卯,乙巳,己酉,乙亥,癸卯,丙辰,庚午,辛酉,甲辰,戊申,HSI,8776511196830549383,2025-06-03 18:41:28.014756+08:00
73,2025-03-20 02:41:10.789742+08:00,癸丑,戊子,癸巳,戊午,己卯,乙巳,庚子,甲戌,庚辰,戊亥,辛卯,乙巳,己酉,乙亥,癸卯,丙辰,庚午,辛酉,甲辰,戊申,HSI,6726945659934702597,2025-06-03 18:41:28.014756+08:00
74,2025-03-21 02:41:10.789742+08:00,乙丑,己丑,甲午,庚午,甲午,乙巳,庚子,己丑,壬辰,己子,丙午,乙巳,己酉,乙亥,癸卯,丙辰,庚午,辛酉,甲辰,戊申,HSI,9625346025987712234,2025-06-03 18:41:28.014756+08:00
75,2025-03-24 02:41:10.789742+08:00,辛丑,壬辰,丁酉,丙午,甲午,乙巳,庚子,己丑,戊辰,壬卯,丁午,乙巳,己酉,乙亥,癸卯,丙辰,庚午,辛酉,甲辰,戊申,HSI,12779172839326272340,2025-06-03 18:41:28.014756+08:00
76,2025-03-25 02:41:10.789742+08:00,癸丑,癸巳,戊戌,戊午,甲午,乙巳,庚子,己丑,庚辰,癸辰,丁午,乙巳,己酉,乙亥,癸卯,丙辰,庚午,辛酉,甲辰,戊申,HSI,15326648653210017358,2025-06-03 18:41:28.014756+08:00
77,2025-03-26 02:41:10.789742+08:00,乙丑,甲午,己亥,庚午,甲午,乙巳,庚子,己丑,壬辰,甲巳,丁午,乙巳,己酉,乙亥,癸卯,丙辰,庚午,辛酉,甲辰,戊申,HSI,6025068944205377764,2025-06-03 18:41:28.014756+08:00
78,2025-03-27 02:41:10.789742+08:00,丁丑,乙未,庚子,壬午,甲午,乙巳,庚子,己丑,甲辰,乙午,壬午,乙巳,己酉,乙亥,癸卯,丙辰,庚午,辛酉,甲辰,戊申,HSI,17019155038109245337,2025-06-03 18:41:28.014756+08:00
79,2025-03-28 02:41:10.789742+08:00,己丑,丙申,辛丑,甲午,甲午,乙巳,庚子,己丑,丙辰,丙未,壬午,乙巳,己酉,乙亥,癸卯,丙辰,庚午,辛酉,甲辰,戊申,HSI,14926921519199933845,2025-06-03 18:41:28.014756+08:00
80,2025-03-31 02:41:10.789742+08:00,乙丑,己亥,甲辰,庚午,甲午,乙巳,庚子,己丑,壬辰,己戌,癸午,乙午,己酉,乙亥,癸卯,丙辰,庚午,辛酉,甲辰,戊申,HSI,7044616068008602788,2025-06-03 18:41:28.014756+08:00
81,2025-04-01 02:41:10.789742+08:00,丁丑,庚子,乙巳,壬午,甲午,乙巳,庚子,己丑,甲辰,庚亥,癸午,乙午,己酉,乙亥,癸卯,丙辰,庚午,辛酉,甲辰,戊申,HSI,6804018611600207549,2025-06-03 18:41:28.014756+08:00
82,2025-04-02 02:41:10.789742+08:00,己丑,辛丑,丙午,甲午,甲午,乙巳,庚子,己丑,丙辰,辛子,戊午,乙午,己酉,乙亥,癸卯,丙辰,庚午,辛酉,甲辰,戊申,HSI,705827087773587227,2025-06-03 18:41:28.014756+08:00
83,2025-04-03 02:41:10.789742+08:00,辛丑,壬寅,丁未,丙午,甲午,乙巳,庚子,己丑,戊辰,壬丑,戊午,乙午,己酉,乙亥,癸卯,丙辰,庚午,辛酉,甲辰,戊申,HSI,9907652732511198916,2025-06-03 18:41:28.014756+08:00
84,2025-04-04 02:41:10.789742+08:00,癸丑,癸卯,戊申,戊午,甲午,乙巳,庚子,己丑,庚辰,癸寅,戊午,乙午,己酉,乙亥,癸卯,丙辰,庚午,辛酉,甲辰,戊申,HSI,2067314004122402982,2025-06-03 18:41:28.014756+08:00
85,2025-04-07 02:41:10.789742+08:00,己丑,丙午,辛亥,甲午,庚辰,乙巳,庚子,乙亥,丙辰,丙巳,庚辰,乙午,己酉,乙亥,癸卯,丙辰,庚午,辛酉,甲辰,戊申,HSI,1288031464463323397,2025-06-03 18:41:28.014756+08:00
86,2025-04-08 02:41:10.789742+08:00,辛丑,丁未,壬子,丙午,庚辰,乙巳,庚子,乙亥,戊辰,丁午,乙辰,乙午,己酉,乙亥,癸卯,丙辰,庚午,辛酉,甲辰,戊申,HSI,13609341992711728601,2025-06-03 18:41:28.014756+08:00
87,2025-04-09 02:41:10.789742+08:00,癸丑,戊申,癸丑,戊午,庚辰,乙巳,庚子,乙亥,庚辰,戊未,乙辰,乙午,己酉,乙亥,癸卯,丙辰,庚午,辛酉,甲辰,戊申,HSI,10571021023803302754,2025-06-03 18:41:28.014756+08:00
88,2025-04-10 02:41:10.789742+08:00,乙丑,己酉,甲寅,庚午,庚辰,乙巳,庚子,乙亥,壬辰,己申,乙辰,乙午,己酉,乙亥,癸卯,丙辰,庚午,辛酉,甲辰,戊申,HSI,7766476121916950658,2025-06-03 18:41:28.014756+08:00
89,2025-04-11 02:41:10.789742+08:00,丁丑,庚戌,乙卯,壬午,庚辰,乙巳,庚子,乙亥,甲辰,庚酉,丙辰,乙午,己酉,乙亥,癸卯,丙辰,庚午,辛酉,甲辰,戊申,HSI,9420482455626150568,2025-06-03 18:41:28.014756+08:00
90,2025-04-14 02:41:10.789742+08:00,癸丑,癸丑,戊午,戊午,庚辰,乙巳,庚子,乙亥,庚辰,癸子,辛辰,乙午,己酉,乙亥,癸卯,丙辰,庚午,辛酉,甲辰,戊申,HSI,18431595403915254640,2025-06-03 18:41:28.014756+08:00
91,2025-04-15 02:41:10.789742+08:00,乙丑,甲寅,己未,庚午,庚辰,乙巳,庚子,乙亥,壬辰,甲丑,辛辰,乙午,己酉,乙亥,癸卯,丙辰,庚午,辛酉,甲辰,戊申,HSI,5772095131861971399,2025-06-03 18:41:28.014756+08:00
92,2025-04-16 02:41:10.789742+08:00,丁丑,乙卯,庚申,壬午,庚辰,乙巳,庚子,乙亥,甲辰,乙寅,辛辰,乙午,己酉,乙亥,癸卯,丙辰,庚午,辛酉,甲辰,戊申,HSI,408928229224882503,2025-06-03 18:41:28.014756+08:00
93,2025-04-17 02:41:10.789742+08:00,己丑,丙辰,辛酉,甲午,庚辰,乙巳,庚子,乙亥,丙辰,丙卯,壬辰,乙午,己酉,乙亥,癸卯,丙辰,庚午,辛酉,甲辰,戊申,HSI,13113726023783148597,2025-06-03 18:41:28.014756+08:00
94,2025-04-18 02:41:10.789742+08:00,辛丑,丁巳,壬戌,丙午,庚辰,乙巳,庚子,乙亥,戊辰,丁辰,壬辰,乙午,己酉,乙亥,癸卯,丙辰,庚午,辛酉,甲辰,戊申,HSI,15604362524070739523,2025-06-03 18:41:28.014756+08:00
95,2025-04-21 02:41:10.789742+08:00,丁丑,庚申,乙丑,壬午,乙未,乙巳,庚子,庚寅,甲辰,庚未,丁未,乙午,己酉,乙亥,癸卯,丙辰,庚午,辛酉,甲辰,戊申,HSI,13787416613757600190,2025-06-03 18:41:28.014756+08:00
96,2025-04-22 02:41:10.789742+08:00,己丑,辛酉,丙寅,甲午,乙未,乙巳,庚子,庚寅,丙辰,辛申,丁未,乙午,己酉,乙亥,癸卯,丙辰,庚午,辛酉,甲辰,戊申,HSI,17582937590238912055,2025-06-03 18:41:28.014756+08:00
97,2025-04-23 02:41:10.789742+08:00,辛丑,壬戌,丁卯,丙午,乙未,乙巳,庚子,庚寅,戊辰,壬酉,丁未,乙午,己酉,乙亥,癸卯,丙辰,庚午,辛酉,甲辰,戊申,HSI,10994468329310635684,2025-06-03 18:41:28.014756+08:00
98,2025-04-24 02:41:10.789742+08:00,癸丑,癸亥,戊辰,戊午,乙未,乙巳,庚子,庚寅,庚辰,癸戌,戊未,乙午,己酉,乙亥,癸卯,丙辰,庚午,辛酉,甲辰,戊申,HSI,14413967683649783742,2025-06-03 18:41:28.014756+08:00
99,2025-04-25 02:41:10.789742+08:00,乙丑,甲子,己巳,庚午,乙未,乙巳,庚子,庚寅,壬辰,甲亥,戊未,乙午,己酉,乙亥,癸卯,丙辰,庚午,辛酉,甲辰,戊申,HSI,14285508207209709294,2025-06-03 18:41:28.014756+08:00
100,2025-04-28 02:41:10.789742+08:00,辛丑,丁卯,壬申,丙午,乙未,乙巳,庚子,庚寅,戊辰,丁寅,癸未,乙午,己酉,乙亥,癸卯,丙辰,庚午,辛酉,甲辰,戊申,HSI,11492753347913482572,2025-06-03 18:41:28.014756+08:00
101,2025-04-29 02:41:10.789742+08:00,癸丑,戊辰,癸酉,戊午,乙未,乙巳,庚子,庚寅,庚辰,戊卯,癸未,乙午,己酉,乙亥,癸卯,丙辰,庚午,辛酉,甲辰,戊申,HSI,6289488770438583111,2025-06-03 18:41:28.014756+08:00
102,2025-04-30 02:41:10.789742+08:00,乙丑,己巳,甲戌,庚午,乙未,乙巳,庚子,庚寅,壬辰,己辰,甲未,乙午,己酉,乙亥,癸卯,丙辰,庚午,辛酉,甲辰,戊申,HSI,3532000570925099510,2025-06-03 18:41:28.014756+08:00
103,2025-05-01 02:41:10.789742+08:00,丁丑,庚午,乙亥,壬午,乙未,乙巳,庚子,庚寅,甲辰,庚巳,甲未,乙午,己酉,乙亥,癸卯,丙辰,庚午,辛酉,甲辰,戊申,HSI,12874274948971417028,2025-06-03 18:41:28.014756+08:00
104,2025-05-02 02:41:10.789742+08:00,己丑,辛未,丙子,甲午,乙未,乙巳,庚子,庚寅,丙辰,辛午,甲未,乙午,己酉,乙亥,癸卯,丙辰,庚午,辛酉,甲辰,戊申,HSI,7937311263702901689,2025-06-03 18:41:28.014756+08:00
105,2025-05-05 02:41:10.789742+08:00,乙丑,甲戌,己卯,庚午,乙未,乙巳,庚子,庚寅,壬辰,甲酉,己未,乙午,己酉,乙亥,癸卯,丙辰,庚午,辛酉,甲辰,戊申,HSI,11437583916811238762,2025-06-03 18:41:28.014756+08:00
106,2025-05-06 02:41:10.789742+08:00,丁丑,乙亥,庚辰,壬午,辛巳,乙巳,庚子,丙子,甲辰,乙戌,辛巳,乙午,己酉,乙亥,癸卯,丙辰,庚午,辛酉,甲辰,戊申,HSI,10671786051039922104,2025-06-03 18:41:28.014756+08:00
107,2025-05-07 02:41:10.789742+08:00,己丑,丙子,辛巳,甲午,辛巳,乙巳,庚子,丙子,丙辰,丙亥,辛巳,乙午,己酉,乙亥,癸卯,丙辰,庚午,辛酉,甲辰,戊申,HSI,8758696333700155192,2025-06-03 18:41:28.014756+08:00
108,2025-05-08 02:41:10.789742+08:00,辛丑,丁丑,壬午,丙午,辛巳,乙巳,庚子,丙子,戊辰,丁子,辛巳,乙午,己酉,乙亥,癸卯,丙辰,庚午,辛酉,甲辰,戊申,HSI,8292940097806039142,2025-06-03 18:41:28.014756+08:00
109,2025-05-09 02:41:10.789742+08:00,癸丑,戊寅,癸未,戊午,辛巳,乙巳,庚子,丙子,庚辰,戊丑,丙巳,乙午,己酉,乙亥,癸卯,丙辰,庚午,辛酉,甲辰,戊申,HSI,14804429847035858617,2025-06-03 18:41:28.014756+08:00
110,2025-05-12 02:41:10.789742+08:00,己丑,辛巳,丙戌,甲午,辛巳,乙巳,庚子,丙子,丙辰,辛辰,丁巳,乙午,己酉,乙亥,癸卯,丙辰,庚午,辛酉,甲辰,戊申,HSI,14817811497780159754,2025-06-03 18:41:28.014756+08:00
111,2025-05-13 02:41:10.789742+08:00,辛丑,壬午,丁亥,丙午,辛巳,乙巳,庚子,丙子,戊辰,壬巳,丁巳,乙午,己酉,乙亥,癸卯,丙辰,庚午,辛酉,甲辰,戊申,HSI,6605118453469141740,2025-06-03 18:41:28.014756+08:00
112,2025-05-14 02:41:10.789742+08:00,癸丑,癸未,戊子,戊午,辛巳,乙巳,庚子,丙子,庚辰,癸午,丁巳,乙午,己酉,乙亥,癸卯,丙辰,庚午,辛酉,甲辰,戊申,HSI,606706868037678201,2025-06-03 18:41:28.014756+08:00
113,2025-05-15 02:41:10.789742+08:00,乙丑,甲申,己丑,庚午,辛巳,乙巳,庚子,丙子,壬辰,甲未,壬巳,乙午,己酉,乙亥,癸卯,丙辰,庚午,辛酉,甲辰,戊申,HSI,6104233096620942790,2025-06-03 18:41:28.014756+08:00
114,2025-05-16 02:41:10.789742+08:00,丁丑,乙酉,庚寅,壬午,辛巳,乙巳,庚子,丙子,甲辰,乙申,壬巳,乙午,己酉,乙亥,癸卯,丙辰,庚午,辛酉,甲辰,戊申,HSI,16902901043608066808,2025-06-03 18:41:28.014756+08:00
115,2025-05-19 02:41:10.789742+08:00,癸丑,戊子,癸巳,戊午,辛巳,乙巳,庚子,丙子,庚辰,戊亥,癸巳,乙午,己酉,乙亥,癸卯,丙辰,庚午,辛酉,甲辰,戊申,HSI,11183092199140889047,2025-06-03 18:41:28.014756+08:00
116,2025-05-20 02:41:10.789742+08:00,乙丑,己丑,甲午,庚午,辛巳,乙巳,庚子,丙子,壬辰,己子,癸巳,乙午,己酉,乙亥,癸卯,丙辰,庚午,辛酉,甲辰,戊申,HSI,4852400251552528891,2025-06-03 18:41:28.014756+08:00
117,2025-05-21 02:41:10.789742+08:00,丁丑,庚寅,乙未,壬午,辛巳,乙巳,庚子,丙子,甲辰,庚丑,戊申,乙午,己酉,乙亥,癸卯,丙辰,庚午,辛酉,甲辰,戊申,HSI,11666246378066078292,2025-06-03 18:41:28.014756+08:00
118,2025-05-22 02:41:10.789742+08:00,己丑,辛卯,丙申,甲午,丙申,乙巳,庚子,辛卯,丙辰,辛寅,戊申,乙午,己酉,乙亥,癸卯,丙辰,庚午,辛酉,甲辰,戊申,HSI,9375103036627690649,2025-06-03 18:41:28.014756+08:00
119,2025-05-23 02:41:10.789742+08:00,辛丑,壬辰,丁酉,丙午,丙申,乙巳,庚子,辛卯,戊辰,壬卯,戊申,乙午,己酉,乙亥,癸卯,丙辰,庚午,辛酉,甲辰,戊申,HSI,15370906063461555892,2025-06-03 18:41:28.014756+08:00
120,2025-05-26 02:41:10.789742+08:00,丁丑,乙未,庚子,壬午,丙申,乙巳,庚子,辛卯,甲辰,乙午,己申,乙午,己酉,乙亥,癸卯,丙辰,庚午,辛酉,甲辰,戊申,HSI,3791494084832519081,2025-06-03 18:41:28.014756+08:00
121,2025-05-27 02:41:10.789742+08:00,己丑,丙申,辛丑,甲午,丙申,乙巳,庚子,辛卯,丙辰,丙未,己申,乙未,己酉,乙亥,癸卯,丙辰,庚午,辛酉,甲辰,戊申,HSI,15505436930416368384,2025-06-03 18:41:28.014756+08:00
122,2025-05-28 02:41:10.789742+08:00,辛丑,丁酉,壬寅,丙午,丙申,乙巳,庚子,辛卯,戊辰,丁申,甲申,乙未,己酉,乙亥,癸卯,丙辰,庚午,辛酉,甲辰,戊申,HSI,7476701745932779603,2025-06-03 18:41:28.014756+08:00
123,2025-05-29 02:41:10.789742+08:00,癸丑,戊戌,癸卯,戊午,丙申,乙巳,庚子,辛卯,庚辰,戊酉,甲申,乙未,己酉,乙亥,癸卯,丙辰,庚午,辛酉,甲辰,戊申,HSI,11329016327690411033,2025-06-03 18:41:28.014756+08:00
124,2025-05-30 02:41:10.789742+08:00,乙丑,己亥,甲辰,庚午,丙申,乙巳,庚子,辛卯,壬辰,己戌,甲申,乙未,己酉,乙亥,癸卯,丙辰,庚午,辛酉,甲辰,戊申,HSI,4040267122678495248,2025-06-03 18:41:28.014756+08:00
125,2025-06-02 02:41:10.789742+08:00,辛丑,壬寅,丁未,丙午,丙申,乙巳,庚子,辛卯,戊辰,壬丑,乙申,乙未,己酉,乙亥,癸卯,丙辰,庚午,辛酉,甲辰,戊申,HSI,6205461255488714532,2025-06-03 18:41:28.014756+08:00
126,2025-06-03 02:41:10.789742+08:00,癸丑,癸卯,戊申,戊午,丙申,乙巳,庚子,辛卯,庚辰,癸寅,庚申,乙未,己酉,乙亥,癸卯,丙辰,庚午,辛酉,甲辰,戊申,HSI,6265174086889933603,2025-06-03 18:41:28.014756+08:00
127,2025-06-04 02:41:10.789742+08:00,乙丑,甲辰,己酉,庚午,丙申,乙巳,庚子,辛卯,壬辰,甲卯,庚申,乙未,己酉,乙亥,癸卯,丙辰,庚午,辛酉,甲辰,戊申,HSI,5872761191853319848,2025-06-03 18:41:28.014756+08:00
128,2025-06-05 02:41:10.789742+08:00,丁丑,乙巳,庚戌,壬午,丙申,乙巳,庚子,辛卯,甲辰,乙辰,庚申,乙未,己酉,乙亥,癸卯,丙辰,庚午,辛酉,甲辰,戊申,HSI,9231835958260759714,2025-06-03 18:41:28.014756+08:00
129,2025-06-06 02:41:10.789742+08:00,己丑,丙午,辛丑,甲申,壬午,庚申,乙丑,丁亥,丙辰,丙巳,壬午,乙未,己酉,乙亥,癸卯,丙辰,庚午,辛酉,甲辰,戊申,HSI,15726853587629963524,2025-06-03 18:41:28.014756+08:00
130,2025-06-09 02:41:10.789742+08:00,乙丑,己酉,甲辰,庚申,壬午,庚申,乙丑,丁亥,壬辰,己申,丁午,乙未,己酉,乙亥,癸卯,丙辰,庚午,辛酉,甲辰,戊申,HSI,10791363331280363584,2025-06-03 18:41:28.014756+08:00
131,2025-06-10 02:41:10.789742+08:00,丁丑,庚戌,乙巳,壬申,壬午,庚申,乙丑,丁亥,甲辰,庚酉,丁午,乙未,己酉,乙亥,癸卯,丙辰,庚午,辛酉,甲辰,戊申,HSI,9810329204262864166,2025-06-03 18:41:28.014756+08:00
132,2025-06-11 02:41:10.789742+08:00,己丑,辛亥,丙午,甲申,壬午,庚申,乙丑,丁亥,丙辰,辛戌,丁午,乙未,己酉,乙亥,癸卯,丙辰,庚午,辛酉,甲辰,戊申,HSI,9176996030191207428,2025-06-03 18:41:28.014756+08:00
133,2025-06-12 02:41:10.789742+08:00,辛丑,壬子,丁未,丙申,壬午,庚申,乙丑,丁亥,戊辰,壬亥,戊午,乙未,己酉,乙亥,癸卯,丙辰,庚午,辛酉,甲辰,戊申,HSI,16417731783482427730,2025-06-03 18:41:28.014756+08:00
134,2025-06-13 02:41:10.789742+08:00,癸丑,癸丑,戊申,戊申,壬午,庚申,乙丑,丁亥,庚辰,癸子,戊午,乙未,己酉,乙亥,癸卯,丙辰,庚午,辛酉,甲辰,戊申,HSI,5743710755489108675,2025-06-03 18:41:28.014756+08:00
135,2025-06-16 02:41:10.789742+08:00,己丑,丙辰,辛亥,甲申,壬午,庚申,乙丑,丁亥,丙辰,丙卯,癸午,乙未,己酉,乙亥,癸卯,丙辰,庚午,辛酉,甲辰,戊申,HSI,15681623591605389047,2025-06-03 18:41:28.014756+08:00
136,2025-06-17 02:41:10.789742+08:00,辛丑,丁巳,壬子,丙申,壬午,庚申,乙丑,丁亥,戊辰,丁辰,癸午,乙未,己酉,乙亥,癸卯,丙辰,庚午,辛酉,甲辰,戊申,HSI,1640456655175459160,2025-06-03 18:41:28.014756+08:00
137,2025-06-18 02:41:10.789742+08:00,癸丑,戊午,癸丑,戊申,壬午,庚申,乙丑,丁亥,庚辰,戊巳,癸午,乙未,己酉,乙亥,癸卯,丙辰,庚午,辛酉,甲辰,戊申,HSI,6040011914425227178,2025-06-03 18:41:28.014756+08:00
138,2025-06-19 02:41:10.789742+08:00,乙丑,己未,甲寅,庚申,壬午,庚申,乙丑,丁亥,壬辰,己午,甲午,乙未,己酉,乙亥,癸卯,丙辰,庚午,辛酉,甲辰,戊申,HSI,12303626881316567552,2025-06-03 18:41:28.014756+08:00
139,2025-06-20 02:41:10.789742+08:00,丁丑,庚申,乙卯,壬申,壬午,庚申,乙丑,丁亥,甲辰,庚未,甲午,乙未,己酉,乙亥,癸卯,丙辰,庚午,辛酉,甲辰,戊申,HSI,1078694822709480545,2025-06-03 18:41:28.014756+08:00
140,2025-06-23 02:41:10.789742+08:00,癸丑,癸亥,戊午,戊申,丁酉,庚申,乙丑,壬寅,庚辰,癸戌,己酉,乙未,己酉,乙亥,癸卯,丙辰,庚午,辛酉,甲辰,戊申,HSI,6958373003473904826,2025-06-03 18:41:28.014756+08:00
141,2025-06-24 02:41:10.789742+08:00,乙丑,甲子,己未,庚申,丁酉,庚申,乙丑,壬寅,壬辰,甲亥,己酉,乙未,己酉,乙亥,癸卯,丙辰,庚午,辛酉,甲辰,戊申,HSI,13845972453972871676,2025-06-03 18:41:28.014756+08:00
142,2025-06-25 02:41:10.789742+08:00,丁丑,乙丑,庚申,壬申,丁酉,庚申,乙丑,壬寅,甲辰,乙子,庚酉,乙未,己酉,乙亥,癸卯,丙辰,庚午,辛酉,甲辰,戊申,HSI,181331477878696195,2025-06-03 18:41:28.014756+08:00
143,2025-06-26 02:41:10.789742+08:00,己丑,丙寅,辛酉,甲申,丁酉,庚申,乙丑,壬寅,丙辰,丙丑,庚酉,乙未,己酉,乙亥,癸卯,丙辰,庚午,辛酉,甲辰,戊申,HSI,17602580162574472561,2025-06-03 18:41:28.014756+08:00
144,2025-06-27 02:41:10.789742+08:00,辛丑,丁卯,壬戌,丙申,丁酉,庚申,乙丑,壬寅,戊辰,丁寅,庚酉,乙未,己酉,乙亥,癸卯,丙辰,庚午,辛酉,甲辰,戊申,HSI,11121466357216854672,2025-06-03 18:41:28.014756+08:00
145,2025-06-30 02:41:10.789742+08:00,丁丑,庚午,乙丑,壬申,丁酉,庚申,乙丑,壬寅,甲辰,庚巳,乙酉,乙未,己酉,乙亥,癸卯,丙辰,庚午,辛酉,甲辰,戊申,HSI,15716761404789233351,2025-06-03 18:41:28.014756+08:00
146,2025-07-01 02:41:10.789742+08:00,己丑,辛未,丙寅,甲申,丁酉,庚申,乙丑,壬寅,丙辰,辛午,丙酉,乙未,己酉,乙亥,癸卯,丙辰,庚午,辛酉,甲辰,戊申,HSI,2518982421671240557,2025-06-03 18:41:28.014756+08:00
147,2025-07-02 02:41:10.789742+08:00,辛丑,壬申,丁卯,丙申,丁酉,庚申,乙丑,壬寅,戊辰,壬未,丙酉,乙未,己酉,乙亥,癸卯,丙辰,庚午,辛酉,甲辰,戊申,HSI,16000552975285630818,2025-06-03 18:41:28.014756+08:00
148,2025-07-03 02:41:10.789742+08:00,癸丑,癸酉,戊辰,戊申,丁酉,庚申,乙丑,壬寅,庚辰,癸申,丙酉,乙未,己酉,乙亥,癸卯,丙辰,庚午,辛酉,甲辰,戊申,HSI,4016922127385000892,2025-06-03 18:41:28.014756+08:00
149,2025-07-04 02:41:10.789742+08:00,乙丑,甲戌,己巳,庚申,丁酉,庚申,乙丑,壬寅,壬辰,甲酉,辛酉,乙未,己酉,乙亥,癸卯,丙辰,庚午,辛酉,甲辰,戊申,HSI,14112836197247377615,2025-06-03 18:41:28.014756+08:00
150,2025-07-07 02:41:10.789742+08:00,辛丑,丁丑,壬申,丙申,丁酉,庚申,乙丑,壬寅,戊辰,丁子,辛酉,乙未,己酉,乙亥,癸卯,丙辰,庚午,辛酉,甲辰,戊申,HSI,345648022543806911,2025-06-03 18:41:28.014756+08:00
151,2025-07-08 02:41:10.789742+08:00,癸丑,戊寅,癸酉,戊申,癸未,庚申,乙丑,戊子,庚辰,戊丑,癸未,乙未,己酉,乙亥,癸卯,丙辰,庚午,辛酉,甲辰,戊申,HSI,17802119995041312628,2025-06-03 18:41:28.014756+08:00
152,2025-07-09 02:41:10.789742+08:00,乙丑,己卯,甲戌,庚申,癸未,庚申,乙丑,戊子,壬辰,己寅,癸未,乙未,己酉,乙亥,癸卯,丙辰,庚午,辛酉,甲辰,戊申,HSI,7681011307850205063,2025-06-03 18:41:28.014756+08:00
153,2025-07-10 02:41:10.789742+08:00,丁丑,庚辰,乙亥,壬申,癸未,庚申,乙丑,戊子,甲辰,庚卯,癸未,乙未,己酉,乙亥,癸卯,丙辰,庚午,辛酉,甲辰,戊申,HSI,8606583936920874123,2025-06-03 18:41:28.014756+08:00
154,2025-07-11 02:41:10.789742+08:00,己丑,辛巳,丙子,甲申,癸未,庚申,乙丑,戊子,丙辰,辛辰,戊未,乙未,己酉,乙亥,癸卯,丙辰,庚午,辛酉,甲辰,戊申,HSI,2868369120077102366,2025-06-03 18:41:28.014756+08:00
155,2025-07-14 02:41:10.789742+08:00,乙丑,甲申,己卯,庚申,癸未,庚申,乙丑,戊子,壬辰,甲未,己未,乙未,己酉,乙亥,癸卯,丙辰,庚午,辛酉,甲辰,戊申,HSI,16471853887807839976,2025-06-03 18:41:28.014756+08:00
156,2025-07-15 02:41:10.789742+08:00,丁丑,乙酉,庚辰,壬申,癸未,庚申,乙丑,戊子,甲辰,乙申,己未,乙未,己酉,乙亥,癸卯,丙辰,庚午,辛酉,甲辰,戊申,HSI,3002917224132201173,2025-06-03 18:41:28.014756+08:00
157,2025-07-16 02:41:10.789742+08:00,己丑,丙戌,辛巳,甲申,癸未,庚申,乙丑,戊子,丙辰,丙酉,己未,乙未,己酉,乙亥,癸卯,丙辰,庚午,辛酉,甲辰,戊申,HSI,5181490299563650768,2025-06-03 18:41:28.014756+08:00
158,2025-07-17 02:41:10.789742+08:00,辛丑,丁亥,壬午,丙申,癸未,庚申,乙丑,戊子,戊辰,丁戌,甲未,乙未,己酉,乙亥,癸卯,丙辰,庚午,辛酉,甲辰,戊申,HSI,1223503640033539020,2025-06-03 18:41:28.014756+08:00
159,2025-07-18 02:41:10.789742+08:00,癸丑,戊子,癸未,戊申,癸未,庚申,乙丑,戊子,庚辰,戊亥,甲未,乙未,己酉,乙亥,癸卯,丙辰,庚午,辛酉,甲辰,戊申,HSI,5866115693907267857,2025-06-03 18:41:28.014756+08:00
160,2025-07-21 02:41:10.789742+08:00,己丑,辛卯,丙戌,甲申,癸未,庚申,乙丑,戊子,丙辰,辛寅,乙未,乙未,己酉,乙亥,癸卯,丙辰,庚午,辛酉,甲辰,戊申,HSI,9124295207940777239,2025-06-03 18:41:28.014756+08:00
161,2025-07-22 02:41:10.789742+08:00,辛丑,壬辰,丁亥,丙申,癸未,庚申,乙丑,戊子,戊辰,壬卯,乙未,乙未,己酉,乙亥,癸卯,丙辰,庚午,辛酉,甲辰,戊申,HSI,17951464089110104698,2025-06-03 18:41:28.014756+08:00
162,2025-07-23 02:41:10.789742+08:00,癸丑,癸巳,戊子,戊申,戊戌,庚申,乙丑,癸卯,庚辰,癸辰,庚戌,乙未,己酉,乙亥,癸卯,丙辰,庚午,辛酉,甲辰,戊申,HSI,13273266539030643528,2025-06-03 18:41:28.014756+08:00
163,2025-07-24 02:41:10.789742+08:00,乙丑,甲午,己丑,庚申,戊戌,庚申,乙丑,癸卯,壬辰,甲巳,庚戌,乙未,己酉,乙亥,癸卯,丙辰,庚午,辛酉,甲辰,戊申,HSI,488306993334428166,2025-06-03 18:41:28.014756+08:00
164,2025-07-25 02:41:10.789742+08:00,丁丑,乙未,庚寅,壬申,戊戌,庚申,乙丑,癸卯,甲辰,乙午,庚戌,乙未,己酉,乙亥,癸卯,丙辰,庚午,辛酉,甲辰,戊申,HSI,4056198129971050513,2025-06-03 18:41:28.014756+08:00
165,2025-07-28 02:41:10.789742+08:00,癸丑,戊戌,癸巳,戊申,戊戌,庚申,乙丑,癸卯,庚辰,戊酉,辛戌,乙未,己酉,乙亥,癸卯,丙辰,庚午,辛酉,甲辰,戊申,HSI,486906110921787482,2025-06-03 18:41:28.014756+08:00
166,2025-07-29 02:41:10.789742+08:00,乙丑,己亥,甲午,庚申,戊戌,庚申,乙丑,癸卯,壬辰,己戌,辛戌,乙未,己酉,乙亥,癸卯,丙辰,庚午,辛酉,甲辰,戊申,HSI,9671909002653857812,2025-06-03 18:41:28.014756+08:00
167,2025-07-30 02:41:10.789742+08:00,丁丑,庚子,乙未,壬申,戊戌,庚申,乙丑,癸卯,甲辰,庚亥,丙戌,乙未,己酉,乙亥,癸卯,丙辰,庚午,辛酉,甲辰,戊申,HSI,583193750873034505,2025-06-03 18:41:28.014756+08:00
168,2025-07-31 02:41:10.789742+08:00,己丑,辛丑,丙申,甲申,戊戌,庚申,乙丑,癸卯,丙辰,辛子,丙戌,乙未,己酉,乙亥,癸卯,丙辰,庚午,辛酉,甲辰,戊申,HSI,12608821833787723342,2025-06-03 18:41:28.014756+08:00
169,2025-08-01 02:41:10.789742+08:00,辛丑,壬寅,丁酉,丙申,戊戌,庚申,乙丑,癸卯,戊辰,壬丑,丙戌,乙未,己酉,乙亥,癸卯,丙辰,庚午,辛酉,甲辰,戊申,HSI,305599792934484077,2025-06-03 18:41:28.014756+08:00
170,2025-08-04 02:41:10.789742+08:00,丁丑,乙巳,庚子,壬申,戊戌,庚申,乙丑,癸卯,甲辰,乙辰,丁戌,乙未,己酉,乙亥,癸卯,丙辰,庚午,辛酉,甲辰,戊申,HSI,1933499097275958231,2025-06-03 18:41:28.014756+08:00
171,2025-08-05 02:41:10.789742+08:00,己丑,丙午,辛丑,甲申,戊戌,庚申,乙丑,癸卯,丙辰,丙巳,壬戌,乙未,己酉,乙亥,癸卯,丙辰,庚午,辛酉,甲辰,戊申,HSI,9130351165617972798,2025-06-03 18:41:28.014756+08:00
172,2025-08-06 02:41:10.789742+08:00,辛丑,丁未,壬寅,丙申,戊戌,庚申,乙丑,癸卯,戊辰,丁午,壬戌,乙未,己酉,乙亥,癸卯,丙辰,庚午,辛酉,甲辰,戊申,HSI,15921275584906640617,2025-06-03 18:41:28.014756+08:00
173,2025-08-07 02:41:10.789742+08:00,癸丑,戊申,癸卯,戊申,戊戌,庚申,乙丑,癸卯,庚辰,戊未,壬戌,乙未,己酉,乙亥,癸卯,丙辰,庚午,辛酉,甲辰,戊申,HSI,13720302683447475780,2025-06-03 18:41:28.014756+08:00
174,2025-08-08 02:41:10.789742+08:00,乙丑,己酉,甲辰,庚申,甲申,庚申,乙丑,己丑,壬辰,己申,甲申,乙未,己酉,乙亥,癸卯,丙辰,庚午,辛酉,甲辰,戊申,HSI,292137212534768412,2025-06-03 18:41:28.014756+08:00
175,2025-08-11 02:41:10.789742+08:00,辛丑,壬子,丁未,丙申,甲申,庚申,乙丑,己丑,戊辰,壬亥,己申,乙未,己酉,乙亥,癸卯,丙辰,庚午,辛酉,甲辰,戊申,HSI,9102337200740880430,2025-06-03 18:41:28.014756+08:00
176,2025-08-12 02:41:10.789742+08:00,癸丑,癸丑,戊申,戊申,甲申,庚申,乙丑,己丑,庚辰,癸子,己申,乙未,己酉,乙亥,癸卯,丙辰,庚午,辛酉,甲辰,戊申,HSI,15067204588091759409,2025-06-03 18:41:28.014756+08:00
177,2025-08-13 02:41:10.789742+08:00,乙丑,甲寅,己酉,庚申,甲申,庚申,乙丑,己丑,壬辰,甲丑,己申,乙未,己酉,乙亥,癸卯,丙辰,庚午,辛酉,甲辰,戊申,HSI,5824419529812009500,2025-06-03 18:41:28.014756+08:00
178,2025-08-14 02:41:10.789742+08:00,丁丑,乙卯,庚戌,壬申,甲申,庚申,乙丑,己丑,甲辰,乙寅,庚申,乙未,己酉,乙亥,癸卯,丙辰,庚午,辛酉,甲辰,戊申,HSI,600805353915233655,2025-06-03 18:41:28.014756+08:00
179,2025-08-15 02:41:10.789742+08:00,己丑,丙辰,辛亥,甲申,甲申,庚申,乙丑,己丑,丙辰,丙卯,庚申,乙未,己酉,乙亥,癸卯,丙辰,庚午,辛酉,甲辰,戊申,HSI,13228427770566621524,2025-06-03 18:41:28.014756+08:00
180,2025-08-18 02:41:10.789742+08:00,乙丑,己未,甲寅,庚申,甲申,庚申,乙丑,己丑,壬辰,己午,乙申,乙未,己酉,乙亥,癸卯,丙辰,庚午,辛酉,甲辰,戊申,HSI,12816236525166843027,2025-06-03 18:41:28.014756+08:00
181,2025-08-19 02:41:10.789742+08:00,丁丑,庚申,乙卯,壬申,甲申,庚申,乙丑,己丑,甲辰,庚未,乙申,乙未,己酉,乙亥,癸卯,丙辰,庚午,辛酉,甲辰,戊申,HSI,15674629038879080097,2025-06-03 18:41:28.014756+08:00
182,2025-08-20 02:41:10.789742+08:00,己丑,辛酉,丙辰,甲申,甲申,庚申,乙丑,己丑,丙辰,辛申,乙申,乙未,己酉,乙亥,癸卯,丙辰,庚午,辛酉,甲辰,戊申,HSI,8249477212009720712,2025-06-03 18:41:28.014756+08:00
183,2025-08-21 02:41:10.789742+08:00,辛丑,壬戌,丁巳,丙申,甲申,庚申,乙丑,己丑,戊辰,壬酉,丙申,乙未,己酉,乙亥,癸卯,丙辰,庚午,辛酉,甲辰,戊申,HSI,2216536619544055972,2025-06-03 18:41:28.014756+08:00
184,2025-08-22 02:41:10.789742+08:00,癸丑,癸亥,戊午,戊申,甲申,庚申,乙丑,己丑,庚辰,癸戌,丙申,乙未,己酉,乙亥,癸卯,丙辰,庚午,辛酉,甲辰,戊申,HSI,17191409584551502863,2025-06-03 18:41:28.014756+08:00
185,2025-08-25 02:41:10.789742+08:00,己丑,丙寅,辛酉,甲申,己亥,庚申,乙丑,甲辰,丙辰,丙丑,辛亥,庚申,己酉,乙亥,癸卯,丙辰,庚午,辛酉,甲辰,戊申,HSI,8712365198582762897,2025-06-03 18:41:28.014756+08:00
186,2025-08-26 02:41:10.789742+08:00,辛丑,丁卯,壬戌,丙申,己亥,庚申,乙丑,甲辰,戊辰,丁寅,辛亥,庚申,己酉,乙亥,癸卯,丙辰,庚午,辛酉,甲辰,戊申,HSI,10093603379750602453,2025-06-03 18:41:28.014756+08:00
187,2025-08-27 02:41:10.789742+08:00,癸丑,戊辰,癸亥,戊申,己亥,庚申,乙丑,甲辰,庚辰,戊卯,壬亥,庚申,己酉,乙亥,癸卯,丙辰,庚午,辛酉,甲辰,戊申,HSI,13308358961066992561,2025-06-03 18:41:28.014756+08:00
188,2025-08-28 02:41:10.789742+08:00,乙丑,己巳,甲子,庚申,己亥,庚申,乙丑,甲辰,壬辰,己辰,壬亥,庚申,己酉,乙亥,癸卯,丙辰,庚午,辛酉,甲辰,戊申,HSI,11677914774463543983,2025-06-03 18:41:28.014756+08:00
189,2025-08-29 02:41:10.789742+08:00,丁丑,庚午,乙丑,壬申,己亥,庚申,乙丑,甲辰,甲辰,庚巳,壬亥,庚申,己酉,乙亥,癸卯,丙辰,庚午,辛酉,甲辰,戊申,HSI,16838398292812664034,2025-06-03 18:41:28.014756+08:00
190,2025-09-01 02:41:10.789742+08:00,癸丑,癸酉,戊辰,戊申,己亥,庚申,乙丑,甲辰,庚辰,癸申,丁亥,庚申,己酉,乙亥,癸卯,丙辰,庚午,辛酉,甲辰,戊申,HSI,7238348207951085742,2025-06-03 18:41:28.014756+08:00
191,2025-09-02 02:41:10.789742+08:00,乙丑,甲戌,己巳,庚申,己亥,庚申,乙丑,甲辰,壬辰,甲酉,戊亥,庚申,己酉,乙亥,癸卯,丙辰,庚午,辛酉,甲辰,戊申,HSI,2677376420863435298,2025-06-03 18:41:28.014756+08:00
192,2025-09-03 02:41:10.789742+08:00,丁丑,乙亥,庚午,壬申,己亥,庚申,乙丑,甲辰,甲辰,乙戌,戊亥,庚申,己酉,乙亥,癸卯,丙辰,庚午,辛酉,甲辰,戊申,HSI,1975764509512767249,2025-06-03 18:41:28.014756+08:00
193,2025-09-04 02:41:10.789742+08:00,己丑,丙子,辛未,甲申,己亥,庚申,乙丑,甲辰,丙辰,丙亥,戊亥,庚申,己酉,乙亥,癸卯,丙辰,庚午,辛酉,甲辰,戊申,HSI,9950309984666030500,2025-06-03 18:41:28.014756+08:00
194,2025-09-05 02:41:10.789742+08:00,辛丑,丁丑,壬申,丙申,己亥,庚申,乙丑,甲辰,戊辰,丁子,癸亥,庚申,己酉,乙亥,癸卯,丙辰,庚午,辛酉,甲辰,戊申,HSI,7890908347210671426,2025-06-03 18:41:28.014756+08:00
195,2025-09-08 02:41:10.789742+08:00,丁丑,庚辰,乙亥,壬申,乙酉,庚申,乙丑,庚寅,甲辰,庚卯,乙酉,庚申,己酉,乙亥,癸卯,丙辰,庚午,辛酉,甲辰,戊申,HSI,5417990965012446711,2025-06-03 18:41:28.014756+08:00
196,2025-09-09 02:41:10.789742+08:00,己丑,辛巳,丙子,甲申,乙酉,庚申,乙丑,庚寅,丙辰,辛辰,乙酉,庚申,己酉,乙亥,癸卯,丙辰,庚午,辛酉,甲辰,戊申,HSI,10033457538063231077,2025-06-03 18:41:28.014756+08:00
197,2025-09-10 02:41:10.789742+08:00,辛丑,壬午,丁丑,丙申,乙酉,庚申,乙丑,庚寅,戊辰,壬巳,乙酉,庚申,己酉,乙亥,癸卯,丙辰,庚午,辛酉,甲辰,戊申,HSI,3916306004478475629,2025-06-03 18:41:28.014756+08:00
198,2025-09-11 02:41:10.789742+08:00,癸丑,癸未,戊寅,戊申,乙酉,庚申,乙丑,庚寅,庚辰,癸午,庚酉,庚申,己酉,乙亥,癸卯,丙辰,庚午,辛酉,甲辰,戊申,HSI,17966793820353654330,2025-06-03 18:41:28.014756+08:00
199,2025-09-12 02:41:10.789742+08:00,乙丑,甲申,己卯,庚申,乙酉,庚申,乙丑,庚寅,壬辰,甲未,庚酉,庚申,己酉,乙亥,癸卯,丙辰,庚午,辛酉,甲辰,戊申,HSI,15567796232009021925,2025-06-03 18:41:28.014756+08:00
200,2025-09-15 02:41:10.789742+08:00,辛丑,丁亥,壬午,丙申,乙酉,庚申,乙丑,庚寅,戊辰,丁戌,辛酉,庚申,己酉,乙亥,癸卯,丙辰,庚午,辛酉,甲辰,戊申,HSI,3162372005284939017,2025-06-03 18:41:28.014756+08:00
201,2025-09-16 02:41:10.789742+08:00,癸丑,戊子,癸未,戊申,乙酉,庚申,乙丑,庚寅,庚辰,戊亥,辛酉,庚申,己酉,乙亥,癸卯,丙辰,庚午,辛酉,甲辰,戊申,HSI,774022277573757199,2025-06-03 18:41:28.014756+08:00
202,2025-09-17 02:41:10.789742+08:00,乙丑,己丑,甲申,庚申,乙酉,庚申,乙丑,庚寅,壬辰,己子,丙酉,庚申,己酉,乙亥,癸卯,丙辰,庚午,辛酉,甲辰,戊申,HSI,12126184276295605351,2025-06-03 18:41:28.014756+08:00
203,2025-09-18 02:41:10.789742+08:00,丁丑,庚寅,乙酉,壬申,乙酉,庚申,乙丑,庚寅,甲辰,庚丑,丙酉,庚申,己酉,乙亥,癸卯,丙辰,庚午,辛酉,甲辰,戊申,HSI,4466931855999914479,2025-06-03 18:41:28.014756+08:00
204,2025-09-19 02:41:10.789742+08:00,己丑,辛卯,丙戌,甲申,乙酉,庚申,乙丑,庚寅,丙辰,辛寅,丙酉,庚申,己酉,乙亥,癸卯,丙辰,庚午,辛酉,甲辰,戊申,HSI,7791248056248789888,2025-06-03 18:41:28.014756+08:00
205,2025-09-22 02:41:10.789742+08:00,乙丑,甲午,己丑,庚申,乙酉,庚申,乙丑,庚寅,壬辰,甲巳,丁酉,庚申,己酉,乙亥,癸卯,丙辰,庚午,辛酉,甲辰,戊申,HSI,10940128730938304652,2025-06-03 18:41:28.014756+08:00
206,2025-09-23 02:41:10.789742+08:00,丁丑,乙未,庚寅,壬申,乙酉,庚申,乙丑,庚寅,甲辰,乙午,壬子,庚申,己酉,乙亥,癸卯,丙辰,庚午,辛酉,甲辰,戊申,HSI,12759294644475179533,2025-06-03 18:41:28.014756+08:00
207,2025-09-24 02:41:10.789742+08:00,己丑,丙申,辛卯,甲申,庚子,庚申,乙丑,乙巳,丙辰,丙未,壬子,庚申,己酉,乙亥,癸卯,丙辰,庚午,辛酉,甲辰,戊申,HSI,14964695658025141410,2025-06-03 18:41:28.014756+08:00
208,2025-09-25 02:41:10.789742+08:00,辛丑,丁酉,壬辰,丙申,庚子,庚申,乙丑,乙巳,戊辰,丁申,壬子,庚申,己酉,乙亥,癸卯,丙辰,庚午,辛酉,甲辰,戊申,HSI,1123096817017480511,2025-06-03 18:41:28.014756+08:00
209,2025-09-26 02:41:10.789742+08:00,癸丑,戊戌,癸巳,戊申,庚子,庚申,乙丑,乙巳,庚辰,戊酉,壬子,庚申,己酉,乙亥,癸卯,丙辰,庚午,辛酉,甲辰,戊申,HSI,8295977934189926324,2025-06-03 18:41:28.014756+08:00
210,2025-09-29 02:41:10.789742+08:00,己丑,辛丑,丙申,甲申,庚子,庚申,乙丑,乙巳,丙辰,辛子,癸子,庚申,己酉,乙亥,癸卯,丙辰,庚午,辛酉,甲辰,戊申,HSI,9966678946606530110,2025-06-03 18:41:28.014756+08:00
211,2025-09-30 02:41:10.789742+08:00,辛丑,壬寅,丁酉,丙申,庚子,庚申,乙丑,乙巳,戊辰,壬丑,戊子,庚申,己酉,乙亥,癸卯,丙辰,庚午,辛酉,甲辰,戊申,HSI,3788662503257123281,2025-06-03 18:41:28.014756+08:00
212,2025-10-01 02:41:10.789742+08:00,癸丑,癸卯,戊戌,戊申,庚子,庚申,乙丑,乙巳,庚辰,癸寅,戊子,庚申,己酉,乙亥,癸卯,丙辰,庚午,辛酉,甲辰,戊申,HSI,16907699726159235807,2025-06-03 18:41:28.014756+08:00
213,2025-10-02 02:41:10.789742+08:00,乙丑,甲辰,己亥,庚申,庚子,庚申,乙丑,乙巳,壬辰,甲卯,戊子,庚申,己酉,乙亥,癸卯,丙辰,庚午,辛酉,甲辰,戊申,HSI,18414276257008756497,2025-06-03 18:41:28.014756+08:00
214,2025-10-03 02:41:10.789742+08:00,丁丑,乙巳,庚子,壬申,庚子,庚申,乙丑,乙巳,甲辰,乙辰,己子,庚申,己酉,乙亥,癸卯,丙辰,庚午,辛酉,甲辰,戊申,HSI,1714297927997244083,2025-06-03 18:41:28.014756+08:00
215,2025-10-06 02:41:10.789742+08:00,癸丑,戊申,癸卯,戊申,庚子,庚申,乙丑,乙巳,庚辰,戊未,甲子,庚申,己酉,乙亥,癸卯,丙辰,庚午,辛酉,甲辰,戊申,HSI,2228311735924689760,2025-06-03 18:41:28.014756+08:00
216,2025-10-07 02:41:10.789742+08:00,乙丑,己酉,甲辰,庚申,庚子,庚申,乙丑,乙巳,壬辰,己申,甲子,庚申,己酉,乙亥,癸卯,丙辰,庚午,辛酉,甲辰,戊申,HSI,12792590992594828345,2025-06-03 18:41:28.014756+08:00
217,2025-10-08 02:41:10.789742+08:00,丁丑,庚戌,乙巳,壬申,庚子,庚申,乙丑,乙巳,甲辰,庚酉,甲子,庚申,己酉,乙亥,癸卯,丙辰,庚午,辛酉,甲辰,戊申,HSI,2589898201603769610,2025-06-03 18:41:28.014756+08:00
218,2025-10-09 02:41:10.789742+08:00,己丑,辛亥,丙午,甲申,丙戌,庚申,乙丑,辛卯,丙辰,辛戌,丙戌,庚申,己酉,乙亥,癸卯,丙辰,庚午,辛酉,甲辰,戊申,HSI,160704655528141519,2025-06-03 18:41:28.014756+08:00
219,2025-10-10 02:41:10.789742+08:00,辛丑,壬子,丁未,丙申,丙戌,庚申,乙丑,辛卯,戊辰,壬亥,丙戌,庚申,己酉,乙亥,癸卯,丙辰,庚午,辛酉,甲辰,戊申,HSI,6905130059231845056,2025-06-03 18:41:28.014756+08:00
220,2025-10-13 02:41:10.789742+08:00,丁丑,乙卯,庚戌,壬申,丙戌,庚申,乙丑,辛卯,甲辰,乙寅,辛戌,庚申,己酉,乙亥,癸卯,丙辰,庚午,辛酉,甲辰,戊申,HSI,14379184389902909790,2025-06-03 18:41:28.014756+08:00
221,2025-10-14 02:41:10.789742+08:00,己丑,丙辰,辛亥,甲申,丙戌,庚申,乙丑,辛卯,丙辰,丙卯,辛戌,庚申,己酉,乙亥,癸卯,丙辰,庚午,辛酉,甲辰,戊申,HSI,5676918700511542489,2025-06-03 18:41:28.014756+08:00
222,2025-10-15 02:41:10.789742+08:00,辛丑,丁巳,壬子,丙申,丙戌,庚申,乙丑,辛卯,戊辰,丁辰,壬戌,庚申,己酉,乙亥,癸卯,丙辰,庚午,辛酉,甲辰,戊申,HSI,1127853653375969223,2025-06-03 18:41:28.014756+08:00
223,2025-10-16 02:41:10.789742+08:00,癸丑,戊午,癸丑,戊申,丙戌,庚申,乙丑,辛卯,庚辰,戊巳,壬戌,庚申,己酉,乙亥,癸卯,丙辰,庚午,辛酉,甲辰,戊申,HSI,7639887933792141011,2025-06-03 18:41:28.014756+08:00
224,2025-10-17 02:41:10.789742+08:00,乙丑,己未,甲寅,庚申,丙戌,庚申,乙丑,辛卯,壬辰,己午,壬戌,庚申,己酉,乙亥,癸卯,丙辰,庚午,辛酉,甲辰,戊申,HSI,703301007542668157,2025-06-03 18:41:28.014756+08:00
225,2025-10-20 02:41:10.789742+08:00,辛丑,壬戌,丁巳,丙申,丙戌,庚申,乙丑,辛卯,戊辰,壬酉,丁戌,庚申,己酉,乙亥,癸卯,丙辰,庚午,辛酉,甲辰,戊申,HSI,3933274118093672954,2025-06-03 18:41:28.014756+08:00
226,2025-10-21 02:41:10.789742+08:00,癸丑,癸亥,戊午,戊申,丙戌,庚申,乙丑,辛卯,庚辰,癸戌,戊戌,庚酉,己酉,乙亥,癸卯,丙辰,庚午,辛酉,甲辰,戊申,HSI,426010279340324929,2025-06-03 18:41:28.014756+08:00
227,2025-10-22 02:41:10.789742+08:00,乙丑,甲子,己未,庚申,丙戌,庚申,乙丑,辛卯,壬辰,甲亥,戊戌,庚酉,己酉,乙亥,癸卯,丙辰,庚午,辛酉,甲辰,戊申,HSI,18091357584301064816,2025-06-03 18:41:28.014756+08:00
228,2025-10-23 02:41:10.789742+08:00,丁丑,乙丑,庚申,壬申,丙戌,庚申,乙丑,辛卯,甲辰,乙子,戊戌,庚酉,己酉,乙亥,癸卯,丙辰,庚午,辛酉,甲辰,戊申,HSI,6693125578340778176,2025-06-03 18:41:28.014756+08:00
229,2025-10-24 02:41:10.789742+08:00,己丑,丙寅,辛酉,甲申,辛丑,庚申,乙丑,丙午,丙辰,丙丑,癸丑,庚酉,己酉,乙亥,癸卯,丙辰,庚午,辛酉,甲辰,戊申,HSI,12210974647822583405,2025-06-03 18:41:28.014756+08:00
230,2025-10-27 02:41:10.789742+08:00,乙丑,己巳,甲子,庚申,辛丑,庚申,乙丑,丙午,壬辰,己辰,甲丑,庚酉,己酉,乙亥,癸卯,丙辰,庚午,辛酉,甲辰,戊申,HSI,10037850584119288992,2025-06-03 18:41:28.014756+08:00
231,2025-10-28 02:41:10.789742+08:00,丁丑,庚午,乙丑,壬申,辛丑,庚申,乙丑,丙午,甲辰,庚巳,甲丑,庚酉,己酉,乙亥,癸卯,丙辰,庚午,辛酉,甲辰,戊申,HSI,15239925244429925672,2025-06-03 18:41:28.014756+08:00
232,2025-10-29 02:41:10.789742+08:00,己丑,辛未,丙寅,甲申,辛丑,庚申,乙丑,丙午,丙辰,辛午,甲丑,庚酉,己酉,乙亥,癸卯,丙辰,庚午,辛酉,甲辰,戊申,HSI,3622932994020501004,2025-06-03 18:41:28.014756+08:00
233,2025-10-30 02:41:10.789742+08:00,辛丑,壬申,丁卯,丙申,辛丑,庚申,乙丑,丙午,戊辰,壬未,己丑,庚酉,己酉,乙亥,癸卯,丙辰,庚午,辛酉,甲辰,戊申,HSI,9793781701504186769,2025-06-03 18:41:28.014756+08:00
234,2025-10-31 02:41:10.789742+08:00,癸丑,癸酉,戊辰,戊申,辛丑,庚申,乙丑,丙午,庚辰,癸申,己丑,庚酉,己酉,乙亥,癸卯,丙辰,庚午,辛酉,甲辰,戊申,HSI,9950253972381315347,2025-06-03 18:41:28.014756+08:00
235,2025-11-03 02:41:10.789742+08:00,己丑,丙子,辛未,甲申,辛丑,庚申,乙丑,丙午,丙辰,丙亥,庚丑,庚酉,己酉,乙亥,癸卯,丙辰,庚午,辛酉,甲辰,戊申,HSI,12640373206504229173,2025-06-03 18:41:28.014756+08:00
236,2025-11-04 02:41:10.789742+08:00,辛丑,丁丑,壬申,丙申,辛丑,庚申,乙丑,丙午,戊辰,丁子,庚丑,庚酉,己酉,乙亥,癸卯,丙辰,庚午,辛酉,甲辰,戊申,HSI,12063092991630269366,2025-06-03 18:41:28.014756+08:00
237,2025-11-05 02:41:10.789742+08:00,癸丑,戊寅,癸酉,戊申,辛丑,庚申,乙丑,丙午,庚辰,戊丑,乙丑,庚酉,己酉,乙亥,癸卯,丙辰,庚午,辛酉,甲辰,戊申,HSI,7454901061940052183,2025-06-03 18:41:28.014756+08:00
238,2025-11-06 02:41:10.789742+08:00,乙丑,己卯,甲戌,庚申,辛丑,庚申,乙丑,丙午,壬辰,己寅,乙丑,庚酉,己酉,乙亥,癸卯,丙辰,庚午,辛酉,甲辰,戊申,HSI,10963425250878914816,2025-06-03 18:41:28.014756+08:00
239,2025-11-07 02:41:10.789742+08:00,丁丑,庚辰,乙亥,壬申,辛丑,庚申,乙丑,丙午,甲辰,庚卯,乙丑,庚酉,己酉,乙亥,癸卯,丙辰,庚午,辛酉,甲辰,戊申,HSI,4674500999565058984,2025-06-03 18:41:28.014756+08:00
240,2025-11-10 02:41:10.789742+08:00,癸丑,癸未,戊寅,戊申,丁亥,庚申,乙丑,壬辰,庚辰,癸午,丁亥,庚酉,己酉,乙亥,癸卯,丙辰,庚午,辛酉,甲辰,戊申,HSI,4506992942111899085,2025-06-03 18:41:28.014756+08:00
241,2025-11-11 02:41:10.789742+08:00,乙丑,甲申,己卯,庚申,丁亥,庚申,乙丑,壬辰,壬辰,甲未,壬亥,庚酉,己酉,乙亥,癸卯,丙辰,庚午,辛酉,甲辰,戊申,HSI,10688989601590641909,2025-06-03 18:41:28.014756+08:00
242,2025-11-12 02:41:10.789742+08:00,丁丑,乙酉,庚辰,壬申,丁亥,庚申,乙丑,壬辰,甲辰,乙申,壬亥,庚酉,己酉,乙亥,癸卯,丙辰,庚午,辛酉,甲辰,戊申,HSI,16296804612947001964,2025-06-03 18:41:28.014756+08:00
243,2025-11-13 02:41:10.789742+08:00,己丑,丙戌,辛巳,甲申,丁亥,庚申,乙丑,壬辰,丙辰,丙酉,壬亥,庚酉,己酉,乙亥,癸卯,丙辰,庚午,辛酉,甲辰,戊申,HSI,2195390886114576586,2025-06-03 18:41:28.014756+08:00
244,2025-11-14 02:41:10.789742+08:00,辛丑,丁亥,壬午,丙申,丁亥,庚申,乙丑,壬辰,戊辰,丁戌,癸亥,庚酉,己酉,乙亥,癸卯,丙辰,庚午,辛酉,甲辰,戊申,HSI,15043426364560847200,2025-06-03 18:41:28.014756+08:00
245,2025-11-17 02:41:10.789742+08:00,丁丑,庚寅,乙酉,壬申,丁亥,庚申,乙丑,壬辰,甲辰,庚丑,戊亥,庚酉,己酉,乙亥,癸卯,丙辰,庚午,辛酉,甲辰,戊申,HSI,6495129996609337969,2025-06-03 18:41:28.014756+08:00
246,2025-11-18 02:41:10.789742+08:00,己丑,辛卯,丙戌,甲申,丁亥,庚申,乙丑,壬辰,丙辰,辛寅,戊亥,庚酉,己酉,乙亥,癸卯,丙辰,庚午,辛酉,甲辰,戊申,HSI,16226010973805005488,2025-06-03 18:41:28.014756+08:00
247,2025-11-19 02:41:10.789742+08:00,辛丑,壬辰,丁亥,丙申,丁亥,庚申,乙丑,壬辰,戊辰,壬卯,戊亥,庚酉,己酉,乙亥,癸卯,丙辰,庚午,辛酉,甲辰,戊申,HSI,8389458576056011855,2025-06-03 18:41:28.014756+08:00
248,2025-11-20 02:41:10.789742+08:00,癸丑,癸巳,戊子,戊申,丁亥,庚申,乙丑,壬辰,庚辰,癸辰,己亥,庚酉,己酉,乙亥,癸卯,丙辰,庚午,辛酉,甲辰,戊申,HSI,7862596302884086147,2025-06-03 18:41:28.014756+08:00
249,2025-11-21 02:41:10.789742+08:00,乙丑,甲午,己丑,庚申,丁亥,庚申,乙丑,壬辰,壬辰,甲巳,己亥,庚酉,己酉,乙亥,癸卯,丙辰,庚午,辛酉,甲辰,戊申,HSI,2840420695303149082,2025-06-03 18:41:28.014756+08:00
250,2025-11-24 02:41:10.789742+08:00,辛丑,丁酉,壬辰,丙申,壬寅,庚申,乙丑,丁未,戊辰,丁申,甲寅,庚酉,己酉,乙亥,癸卯,丙辰,庚午,辛酉,甲辰,戊申,HSI,5004917206675153256,2025-06-03 18:41:28.014756+08:00
251,2025-11-25 02:41:10.789742+08:00,癸丑,戊戌,癸巳,戊申,壬寅,庚申,乙丑,丁未,庚辰,戊酉,甲寅,庚酉,己酉,乙亥,癸卯,丙辰,庚午,辛酉,甲辰,戊申,HSI,377682791175915452,2025-06-03 18:41:28.014756+08:00
252,2025-11-26 02:41:10.789742+08:00,乙丑,己亥,甲午,庚申,壬寅,庚申,乙丑,丁未,壬辰,己戌,乙寅,庚酉,己酉,乙亥,癸卯,丙辰,庚午,辛酉,甲辰,戊申,HSI,10789525281522979692,2025-06-03 18:41:28.014756+08:00
253,2025-11-27 02:41:10.789742+08:00,丁丑,庚子,乙未,壬申,壬寅,庚申,乙丑,丁未,甲辰,庚亥,乙寅,庚酉,己酉,乙亥,癸卯,丙辰,庚午,辛酉,甲辰,戊申,HSI,13324514577417609736,2025-06-03 18:41:28.014756+08:00
254,2025-11-28 02:41:10.789742+08:00,己丑,辛丑,丙申,甲申,壬寅,庚申,乙丑,丁未,丙辰,辛子,乙寅,庚酉,己酉,乙亥,癸卯,丙辰,庚午,辛酉,甲辰,戊申,HSI,3524487274568195482,2025-06-03 18:41:28.014756+08:00
255,2025-12-01 02:41:10.789742+08:00,乙丑,甲辰,己亥,庚申,壬寅,庚申,乙丑,丁未,壬辰,甲卯,庚寅,庚酉,己酉,乙亥,癸卯,丙辰,庚午,辛酉,甲辰,戊申,HSI,12896866142730958110,2025-06-03 18:41:28.014756+08:00
256,2025-12-02 02:41:10.789742+08:00,丁丑,乙巳,庚子,壬申,壬寅,庚申,乙丑,丁未,甲辰,乙辰,辛寅,庚酉,己酉,乙亥,癸卯,丙辰,庚午,辛酉,甲辰,戊申,HSI,3364894128022788584,2025-06-03 18:41:28.014756+08:00
257,2025-12-03 02:41:10.789742+08:00,己丑,丙午,辛丑,甲申,壬寅,庚申,乙丑,丁未,丙辰,丙巳,辛寅,庚酉,己酉,乙亥,癸卯,丙辰,庚午,辛酉,甲辰,戊申,HSI,16605002560316433326,2025-06-03 18:41:28.014756+08:00
258,2025-12-04 02:41:10.789742+08:00,辛丑,丁未,壬寅,丙申,壬寅,庚申,乙丑,丁未,戊辰,丁午,辛寅,庚酉,己酉,乙亥,癸卯,丙辰,庚午,辛酉,甲辰,戊申,HSI,2487322196953077394,2025-06-03 18:41:28.014756+08:00
259,2025-12-05 02:41:10.789742+08:00,癸丑,戊申,癸卯,戊申,壬寅,庚申,乙丑,丁未,庚辰,戊未,丙寅,庚酉,己酉,乙亥,癸卯,丙辰,庚午,辛酉,甲辰,戊申,HSI,13733924185641535898,2025-06-03 18:41:28.014756+08:00
260,2025-12-08 02:41:10.789742+08:00,己丑,辛亥,丙午,甲申,戊子,庚申,乙丑,癸巳,丙辰,辛戌,戊子,庚酉,己酉,乙亥,癸卯,丙辰,庚午,辛酉,甲辰,戊申,HSI,6143572633860235558,2025-06-03 18:41:28.014756+08:00
261,2025-12-09 02:41:10.789742+08:00,辛丑,壬子,丁未,丙申,戊子,庚申,乙丑,癸巳,戊辰,壬亥,戊子,庚酉,己酉,乙亥,癸卯,丙辰,庚午,辛酉,甲辰,戊申,HSI,8764697343353776346,2025-06-03 18:41:28.014756+08:00
262,2025-12-10 02:41:10.789742+08:00,癸丑,癸丑,戊申,戊申,戊子,庚申,乙丑,癸巳,庚辰,癸子,戊子,庚酉,己酉,乙亥,癸卯,丙辰,庚午,辛酉,甲辰,戊申,HSI,13072677391652759561,2025-06-03 18:41:28.014756+08:00
263,2025-12-11 02:41:10.789742+08:00,乙丑,甲寅,己酉,庚申,戊子,庚申,乙丑,癸巳,壬辰,甲丑,癸子,庚酉,己酉,乙亥,癸卯,丙辰,庚午,辛酉,甲辰,戊申,HSI,17373935483666620970,2025-06-03 18:41:28.014756+08:00
264,2025-12-12 02:41:10.789742+08:00,丁丑,乙卯,庚戌,壬申,戊子,庚申,乙丑,癸巳,甲辰,乙寅,癸子,庚酉,己酉,乙亥,癸卯,丙辰,庚午,辛酉,甲辰,戊申,HSI,10079342567010453885,2025-06-03 18:41:28.014756+08:00
265,2025-12-15 02:41:10.789742+08:00,癸丑,戊午,癸丑,戊申,戊子,庚申,乙丑,癸巳,庚辰,戊巳,甲子,庚酉,己酉,乙亥,癸卯,丙辰,庚午,辛酉,甲辰,戊申,HSI,6854300327690132862,2025-06-03 18:41:28.014756+08:00
266,2025-12-16 02:41:10.789742+08:00,乙丑,己未,甲寅,庚申,戊子,庚申,乙丑,癸巳,壬辰,己午,甲子,庚酉,己酉,乙亥,癸卯,丙辰,庚午,辛酉,甲辰,戊申,HSI,10154806385033709692,2025-06-03 18:41:28.014756+08:00
267,2025-12-17 02:41:10.789742+08:00,丁丑,庚申,乙卯,壬申,戊子,庚申,乙丑,癸巳,甲辰,庚未,己子,庚酉,己酉,乙亥,癸卯,丙辰,庚午,辛酉,甲辰,戊申,HSI,12755127683372001113,2025-06-03 18:41:28.014756+08:00
268,2025-12-18 02:41:10.789742+08:00,己丑,辛酉,丙辰,甲申,戊子,庚申,乙丑,癸巳,丙辰,辛申,己子,庚酉,己酉,乙亥,癸卯,丙辰,庚午,辛酉,甲辰,戊申,HSI,157088522116582180,2025-06-03 18:41:28.014756+08:00
269,2025-12-19 02:41:10.789742+08:00,辛丑,壬戌,丁巳,丙申,戊子,庚申,乙丑,癸巳,戊辰,壬酉,己子,庚酉,己酉,乙亥,癸卯,丙辰,庚午,辛酉,甲辰,戊申,HSI,13672334119589980105,2025-06-03 18:41:28.014756+08:00
270,2025-12-22 02:41:10.789742+08:00,丁丑,乙丑,庚申,壬申,癸卯,庚申,乙丑,戊申,甲辰,乙子,乙卯,庚辰,己酉,乙亥,癸卯,丙辰,庚午,辛酉,甲辰,戊申,HSI,3619667679452744312,2025-06-03 18:41:28.014756+08:00
271,2025-12-23 02:41:10.789742+08:00,己丑,丙寅,辛酉,甲申,癸卯,庚申,乙丑,戊申,丙辰,丙丑,乙卯,庚辰,己酉,乙亥,癸卯,丙辰,庚午,辛酉,甲辰,戊申,HSI,6868869073705229226,2025-06-03 18:41:28.014756+08:00
272,2025-12-24 02:41:10.789742+08:00,辛丑,丁卯,壬戌,丙申,癸卯,庚申,乙丑,戊申,戊辰,丁寅,乙卯,庚辰,己酉,乙亥,癸卯,丙辰,庚午,辛酉,甲辰,戊申,HSI,13018706789382013637,2025-06-03 18:41:28.014756+08:00
273,2025-12-25 02:41:10.789742+08:00,癸丑,戊辰,癸亥,戊申,癸卯,庚申,乙丑,戊申,庚辰,戊卯,丙卯,庚辰,己酉,乙亥,癸卯,丙辰,庚午,辛酉,甲辰,戊申,HSI,9770303645741374869,2025-06-03 18:41:28.014756+08:00
274,2025-12-26 02:41:10.789742+08:00,乙丑,己巳,甲子,庚申,癸卯,庚申,乙丑,戊申,壬辰,己辰,丙卯,庚辰,己酉,乙亥,癸卯,丙辰,庚午,辛酉,甲辰,戊申,HSI,4071228666039392447,2025-06-03 18:41:28.014756+08:00
275,2025-12-29 02:41:10.789742+08:00,辛丑,壬申,丁卯,丙申,癸卯,庚申,乙丑,戊申,戊辰,壬未,辛卯,庚辰,己酉,乙亥,癸卯,丙辰,庚午,辛酉,甲辰,戊申,HSI,9699883145950171761,2025-06-03 18:41:28.014756+08:00
276,2025-12-30 02:41:10.789742+08:00,癸丑,癸酉,戊辰,戊申,癸卯,庚申,乙丑,戊申,庚辰,癸申,辛卯,庚辰,己酉,乙亥,癸卯,丙辰,庚午,辛酉,甲辰,戊申,HSI,3015472843126906876,2025-06-03 18:41:28.014756+08:00
277,2025-12-31 02:41:10.789742+08:00,乙丑,甲戌,己巳,庚申,癸卯,庚申,乙丑,戊申,壬辰,甲酉,壬卯,庚辰,己酉,乙亥,癸卯,丙辰,庚午,辛酉,甲辰,戊申,HSI,18161247403207946336,2025-06-03 18:41:28.014756+08:00
278,2026-01-01 02:41:10.789742+08:00,丁丑,乙亥,庚午,壬申,癸卯,庚申,乙丑,戊申,甲辰,乙戌,戊子,庚辰,己酉,乙亥,癸卯,丙辰,庚午,辛酉,甲辰,戊申,HSI,577151378248302210,2025-06-03 18:41:28.014756+08:00
279,2026-01-02 02:41:10.789742+08:00,己丑,丙子,辛未,甲申,癸卯,庚申,乙丑,戊申,丙辰,丙亥,戊子,庚辰,己酉,乙亥,癸卯,丙辰,庚午,辛酉,甲辰,戊申,HSI,8984643752699378585,2025-06-03 18:41:28.014756+08:00
280,2026-01-05 02:41:10.789742+08:00,乙丑,己卯,甲戌,庚申,癸卯,庚申,乙丑,戊申,壬辰,己寅,戊子,庚辰,己酉,乙亥,癸卯,丙辰,庚午,辛酉,甲辰,戊申,HSI,18091866312317182990,2025-06-03 18:41:28.014756+08:00
281,2026-01-06 02:41:10.789742+08:00,丁丑,庚辰,乙亥,壬申,己丑,庚申,乙丑,甲午,甲辰,庚卯,戊辰,庚辰,己酉,乙亥,癸卯,丙辰,庚午,辛酉,甲辰,戊申,HSI,12198223379771677036,2025-06-03 18:41:28.014756+08:00
282,2026-01-07 02:41:10.789742+08:00,己丑,辛巳,丙子,甲申,己丑,庚申,乙丑,甲午,丙辰,辛辰,戊辰,庚辰,己酉,乙亥,癸卯,丙辰,庚午,辛酉,甲辰,戊申,HSI,8515234042061092652,2025-06-03 18:41:28.014756+08:00
283,2026-01-08 02:41:10.789742+08:00,辛丑,壬午,丁丑,丙申,己丑,庚申,乙丑,甲午,戊辰,壬巳,戊辰,庚辰,己酉,乙亥,癸卯,丙辰,庚午,辛酉,甲辰,戊申,HSI,1930636762936525169,2025-06-03 18:41:28.014756+08:00
284,2026-01-09 02:41:10.789742+08:00,癸丑,癸未,戊寅,戊申,己丑,庚申,乙丑,甲午,庚辰,癸午,戊辰,庚辰,己酉,乙亥,癸卯,丙辰,庚午,辛酉,甲辰,戊申,HSI,7372361652796337461,2025-06-03 18:41:28.014756+08:00
285,2026-01-12 02:41:10.789742+08:00,己丑,丙戌,辛巳,甲申,己丑,庚申,乙丑,甲午,丙辰,丙酉,戊辰,庚辰,己酉,乙亥,癸卯,丙辰,庚午,辛酉,甲辰,戊申,HSI,3776784556299000452,2025-06-03 18:41:28.014756+08:00
286,2026-01-13 02:41:10.789742+08:00,辛丑,丁亥,壬午,丙申,己丑,庚申,乙丑,甲午,戊辰,丁戌,戊辰,庚辰,己酉,乙亥,癸卯,丙辰,庚午,辛酉,甲辰,戊申,HSI,18235713799021271919,2025-06-03 18:41:28.014756+08:00
287,2026-01-14 02:41:10.789742+08:00,癸丑,戊子,癸未,戊申,己丑,庚申,乙丑,甲午,庚辰,戊亥,戊辰,庚辰,己酉,乙亥,癸卯,丙辰,庚午,辛酉,甲辰,戊申,HSI,11571650511916526762,2025-06-03 18:41:28.014756+08:00
288,2026-01-15 02:41:10.789742+08:00,乙丑,己丑,甲申,庚申,己丑,庚申,乙丑,甲午,壬辰,己子,戊辰,庚辰,己酉,乙亥,癸卯,丙辰,庚午,辛酉,甲辰,戊申,HSI,13037449956904461329,2025-06-03 18:41:28.014756+08:00
289,2026-01-16 02:41:10.789742+08:00,丁丑,庚寅,乙酉,壬申,己丑,庚申,乙丑,甲午,甲辰,庚丑,戊辰,庚辰,己酉,乙亥,癸卯,丙辰,庚午,辛酉,甲辰,戊申,HSI,14415664263406723392,2025-06-03 18:41:28.014756+08:00
290,2026-01-19 02:41:10.789742+08:00,癸丑,癸巳,戊子,戊申,己丑,庚申,乙丑,甲午,庚辰,癸辰,戊辰,庚辰,己酉,乙亥,癸卯,丙辰,庚午,辛酉,甲辰,戊申,HSI,18422310635416097723,2025-06-03 18:41:28.014756+08:00
291,2026-01-20 02:41:10.789742+08:00,乙丑,甲午,己丑,庚申,己丑,庚申,乙丑,甲午,壬辰,甲巳,戊辰,庚辰,己酉,乙亥,癸卯,丙辰,庚午,辛酉,甲辰,戊申,HSI,1935648579621920513,2025-06-03 18:41:28.014756+08:00
292,2026-01-21 02:41:10.789742+08:00,丁丑,乙未,庚子,壬午,甲辰,乙巳,庚子,己亥,甲辰,乙午,丙辰,庚辰,己酉,乙亥,癸卯,丙辰,庚午,辛酉,甲辰,戊申,HSI,272964159888706326,2025-06-03 18:41:28.014756+08:00
293,2026-01-22 02:41:10.789742+08:00,己丑,丙申,辛丑,甲午,甲辰,乙巳,庚子,己亥,丙辰,丙未,丙辰,庚辰,己酉,乙亥,癸卯,丙辰,庚午,辛酉,甲辰,戊申,HSI,6243320670003777204,2025-06-03 18:41:28.014756+08:00
294,2026-01-23 02:41:10.789742+08:00,辛丑,丁酉,壬寅,丙午,甲辰,乙巳,庚子,己亥,戊辰,丁申,丙辰,庚辰,己酉,乙亥,癸卯,丙辰,庚午,辛酉,甲辰,戊申,HSI,4516594905029277645,2025-06-03 18:41:28.014756+08:00
295,2026-01-26 02:41:10.789742+08:00,丁丑,庚子,乙巳,壬午,甲辰,乙巳,庚子,己亥,甲辰,庚亥,丁辰,庚辰,己酉,乙亥,癸卯,丙辰,庚午,辛酉,甲辰,戊申,HSI,18231097792255806077,2025-06-03 18:41:28.014756+08:00
296,2026-01-27 02:41:10.789742+08:00,己丑,辛丑,丙午,甲午,甲辰,乙巳,庚子,己亥,丙辰,辛子,壬辰,庚辰,己酉,乙亥,癸卯,丙辰,庚午,辛酉,甲辰,戊申,HSI,4603078514635597591,2025-06-03 18:41:28.014756+08:00
297,2026-01-28 02:41:10.789742+08:00,辛丑,壬寅,丁未,丙午,甲辰,乙巳,庚子,己亥,戊辰,壬丑,壬辰,庚辰,己酉,乙亥,癸卯,丙辰,庚午,辛酉,甲辰,戊申,HSI,10334484594049027286,2025-06-03 18:41:28.014756+08:00
298,2026-01-29 02:41:10.789742+08:00,癸丑,癸卯,戊申,戊午,甲辰,乙巳,庚子,己亥,庚辰,癸寅,壬辰,庚辰,己酉,乙亥,癸卯,丙辰,庚午,辛酉,甲辰,戊申,HSI,6027572693208859910,2025-06-03 18:41:28.014756+08:00
299,2026-01-30 02:41:10.789742+08:00,乙丑,甲辰,己酉,庚午,甲辰,乙巳,庚子,己亥,壬辰,甲卯,癸辰,庚辰,己酉,乙亥,癸卯,丙辰,庚午,辛酉,甲辰,戊申,HSI,9331235614286042488,2025-06-03 18:41:28.014756+08:00
300,2026-02-02 02:41:10.789742+08:00,辛丑,丁未,壬子,丙午,甲辰,乙巳,庚子,己亥,戊辰,丁午,戊辰,庚辰,己酉,乙亥,癸卯,丙辰,庚午,辛酉,甲辰,戊申,HSI,9493680787739930012,2025-06-03 18:41:28.014756+08:00
301,2026-02-03 02:41:10.789742+08:00,癸丑,戊申,癸丑,戊午,甲辰,乙巳,庚子,己亥,庚辰,戊未,戊辰,庚辰,己酉,乙亥,癸卯,丙辰,庚午,辛酉,甲辰,戊申,HSI,9285935113539721823,2025-06-03 18:41:28.014756+08:00
302,2026-02-04 02:41:10.789742+08:00,乙丑,己酉,甲寅,庚午,甲辰,乙巳,庚子,己亥,壬辰,己申,戊辰,庚辰,己酉,乙亥,癸卯,丙辰,庚午,辛酉,甲辰,戊申,HSI,8328564871989327643,2025-06-03 18:41:28.014756+08:00
303,2026-02-05 02:41:10.789742+08:00,丁丑,庚戌,乙卯,壬午,庚寅,乙巳,庚子,乙酉,甲辰,庚酉,庚寅,庚辰,己酉,乙亥,癸卯,丙辰,庚午,辛酉,甲辰,戊申,HSI,17592300517700462907,2025-06-03 18:41:28.014756+08:00
304,2026-02-06 02:41:10.789742+08:00,己丑,辛亥,丙辰,甲午,庚寅,乙巳,庚子,乙酉,丙辰,辛戌,庚寅,庚辰,己酉,乙亥,癸卯,丙辰,庚午,辛酉,甲辰,戊申,HSI,200659556835552793,2025-06-03 18:41:28.014756+08:00
305,2026-02-09 02:41:10.789742+08:00,乙丑,甲寅,己未,庚午,庚寅,乙巳,庚子,乙酉,壬辰,甲丑,乙寅,庚辰,己酉,乙亥,癸卯,丙辰,庚午,辛酉,甲辰,戊申,HSI,18021496111209326008,2025-06-03 18:41:28.014756+08:00
306,2026-02-10 02:41:10.789742+08:00,丁丑,乙卯,庚申,壬午,庚寅,乙巳,庚子,乙酉,甲辰,乙寅,丙寅,庚辰,己酉,乙亥,癸卯,丙辰,庚午,辛酉,甲辰,戊申,HSI,11057829474973818922,2025-06-03 18:41:28.014756+08:00
307,2026-02-11 02:41:10.789742+08:00,己丑,丙辰,辛酉,甲午,庚寅,乙巳,庚子,乙酉,丙辰,丙卯,丙寅,庚辰,己酉,乙亥,癸卯,丙辰,庚午,辛酉,甲辰,戊申,HSI,14687019004545077448,2025-06-03 18:41:28.014756+08:00
308,2026-02-12 02:41:10.789742+08:00,辛丑,丁巳,壬戌,丙午,庚寅,乙巳,庚子,乙酉,戊辰,丁辰,丙寅,庚辰,己酉,乙亥,癸卯,丙辰,庚午,辛酉,甲辰,戊申,HSI,14990819107527561488,2025-06-03 18:41:28.014756+08:00
309,2026-02-13 02:41:10.789742+08:00,癸丑,戊午,癸亥,戊午,庚寅,乙巳,庚子,乙酉,庚辰,戊巳,辛寅,庚辰,己酉,乙亥,癸卯,丙辰,庚午,辛酉,甲辰,戊申,HSI,16472546541612174009,2025-06-03 18:41:28.014756+08:00
310,2026-02-16 02:41:10.789742+08:00,己丑,辛酉,丙寅,甲午,庚寅,乙巳,庚子,乙酉,丙辰,辛申,壬寅,庚辰,己酉,乙亥,癸卯,丙辰,庚午,辛酉,甲辰,戊申,HSI,16588274475079753394,2025-06-03 18:41:28.014756+08:00
311,2026-02-17 02:41:10.789742+08:00,辛丑,壬戌,丁巳,丙申,庚寅,丙午,辛亥,乙未,戊辰,壬酉,壬寅,丙午,己酉,乙亥,癸卯,丙辰,庚午,辛酉,甲辰,戊申,HSI,2079497281557397137,2025-06-03 18:41:28.014756+08:00
312,2026-02-18 02:41:10.789742+08:00,癸丑,癸亥,戊午,戊申,庚寅,丙午,辛亥,乙未,庚辰,癸戌,壬寅,丙午,己酉,乙亥,癸卯,丙辰,庚午,辛酉,甲辰,戊申,HSI,12034776261902221337,2025-06-03 18:41:28.014756+08:00
313,2026-02-19 02:41:10.789742+08:00,乙丑,甲子,己未,庚申,乙巳,丙午,辛亥,庚戌,壬辰,甲亥,丁巳,丙午,己酉,乙亥,癸卯,丙辰,庚午,辛酉,甲辰,戊申,HSI,12067077855111637774,2025-06-03 18:41:28.014756+08:00
314,2026-02-20 02:41:10.789742+08:00,丁丑,乙丑,庚申,壬申,乙巳,丙午,辛亥,庚戌,甲辰,乙子,丁巳,丙午,己酉,乙亥,癸卯,丙辰,庚午,辛酉,甲辰,戊申,HSI,12564356437266044718,2025-06-03 18:41:28.014756+08:00
315,2026-02-23 02:41:10.789742+08:00,癸丑,戊辰,癸亥,戊申,乙巳,丙午,辛亥,庚戌,庚辰,戊卯,戊巳,丙午,己酉,乙亥,癸卯,丙辰,庚午,辛酉,甲辰,戊申,HSI,6233971908297570004,2025-06-03 18:41:28.014756+08:00
316,2026-02-24 02:41:10.789742+08:00,乙丑,己巳,甲子,庚申,乙巳,丙午,辛亥,庚戌,壬辰,己辰,戊巳,丙午,己酉,乙亥,癸卯,丙辰,庚午,辛酉,甲辰,戊申,HSI,7061101530259682705,2025-06-03 18:41:28.014756+08:00
317,2026-02-25 02:41:10.789742+08:00,丁丑,庚午,乙丑,壬申,乙巳,丙午,辛亥,庚戌,甲辰,庚巳,癸巳,丙午,己酉,乙亥,癸卯,丙辰,庚午,辛酉,甲辰,戊申,HSI,15527862867860497184,2025-06-03 18:41:28.014756+08:00
318,2026-02-26 02:41:10.789742+08:00,己丑,辛未,丙寅,甲申,乙巳,丙午,辛亥,庚戌,丙辰,辛午,癸巳,丙午,己酉,乙亥,癸卯,丙辰,庚午,辛酉,甲辰,戊申,HSI,10894939582358195686,2025-06-03 18:41:28.014756+08:00
319,2026-02-27 02:41:10.789742+08:00,辛丑,壬申,丁卯,丙申,乙巳,丙午,辛亥,庚戌,戊辰,壬未,癸巳,丙午,己酉,乙亥,癸卯,丙辰,庚午,辛酉,甲辰,戊申,HSI,17621783874544232613,2025-06-03 18:41:28.014756+08:00
320,2026-03-02 02:41:10.789742+08:00,丁丑,乙亥,庚午,壬申,乙巳,丙午,辛亥,庚戌,甲辰,乙戌,甲巳,丙午,己酉,乙亥,癸卯,丙辰,庚午,辛酉,甲辰,戊申,HSI,11412873758403094517,2025-06-03 18:41:28.014756+08:00
321,2026-03-03 02:41:10.789742+08:00,己丑,丙子,辛未,甲申,乙巳,丙午,辛亥,庚戌,丙辰,丙亥,己巳,丙午,己酉,乙亥,癸卯,丙辰,庚午,辛酉,甲辰,戊申,HSI,16751925130753530410,2025-06-03 18:41:28.014756+08:00
322,2026-03-04 02:41:10.789742+08:00,辛丑,丁丑,壬申,丙申,乙巳,丙午,辛亥,庚戌,戊辰,丁子,己巳,丙午,己酉,乙亥,癸卯,丙辰,庚午,辛酉,甲辰,戊申,HSI,16905907343309659376,2025-06-03 18:41:28.014756+08:00
323,2026-03-05 02:41:10.789742+08:00,癸丑,戊寅,癸酉,戊申,乙巳,丙午,辛亥,庚戌,庚辰,戊丑,己巳,丙午,己酉,乙亥,癸卯,丙辰,庚午,辛酉,甲辰,戊申,HSI,9119425721496332168,2025-06-03 18:41:28.014756+08:00
324,2026-03-06 02:41:10.789742+08:00,乙丑,己卯,甲戌,庚申,辛卯,丙午,辛亥,丙申,壬辰,己寅,辛卯,丙午,己酉,乙亥,癸卯,丙辰,庚午,辛酉,甲辰,戊申,HSI,1013675599348557585,2025-06-03 18:41:28.014756+08:00
325,2026-03-09 02:41:10.789742+08:00,辛丑,壬午,丁丑,丙申,辛卯,丙午,辛亥,丙申,戊辰,壬巳,丙卯,丙午,己酉,乙亥,癸卯,丙辰,庚午,辛酉,甲辰,戊申,HSI,11345736010208952600,2025-06-03 18:41:28.014756+08:00
326,2026-03-10 02:41:10.789742+08:00,癸丑,癸未,戊寅,戊申,辛卯,丙午,辛亥,丙申,庚辰,癸午,丙卯,丙午,己酉,乙亥,癸卯,丙辰,庚午,辛酉,甲辰,戊申,HSI,7401894573732376960,2025-06-03 18:41:28.014756+08:00
327,2026-03-11 02:41:10.789742+08:00,乙丑,甲申,己卯,庚申,辛卯,丙午,辛亥,丙申,壬辰,甲未,丙卯,丙午,己酉,乙亥,癸卯,丙辰,庚午,辛酉,甲辰,戊申,HSI,17785235178508888993,2025-06-03 18:41:28.014756+08:00
328,2026-03-12 02:41:10.789742+08:00,丁丑,乙酉,庚辰,壬申,辛卯,丙午,辛亥,丙申,甲辰,乙申,丁卯,丙午,己酉,乙亥,癸卯,丙辰,庚午,辛酉,甲辰,戊申,HSI,17725779256049769613,2025-06-03 18:41:28.014756+08:00
329,2026-03-13 02:41:10.789742+08:00,己丑,丙戌,辛巳,甲申,辛卯,丙午,辛亥,丙申,丙辰,丙酉,丁卯,丙午,己酉,乙亥,癸卯,丙辰,庚午,辛酉,甲辰,戊申,HSI,15582800757365322842,2025-06-03 18:41:28.014756+08:00
330,2026-03-16 02:41:10.789742+08:00,乙丑,己丑,甲申,庚申,辛卯,丙午,辛亥,丙申,壬辰,己子,壬卯,丙午,己酉,乙亥,癸卯,丙辰,庚午,辛酉,甲辰,戊申,HSI,17823658982098241859,2025-06-03 18:41:28.014756+08:00
331,2026-03-17 02:41:10.789742+08:00,丁丑,庚寅,乙酉,壬申,辛卯,丙午,辛亥,丙申,甲辰,庚丑,壬卯,丙午,己酉,乙亥,癸卯,丙辰,庚午,辛酉,甲辰,戊申,HSI,18074154657950935763,2025-06-03 18:41:28.014756+08:00
332,2026-03-18 02:41:10.789742+08:00,己丑,辛卯,丙戌,甲申,辛卯,丙午,辛亥,丙申,丙辰,辛寅,癸卯,丙午,己酉,乙亥,癸卯,丙辰,庚午,辛酉,甲辰,戊申,HSI,8185919291705644576,2025-06-03 18:41:28.014756+08:00
333,2026-03-19 02:41:10.789742+08:00,辛丑,壬辰,丁亥,丙申,辛卯,丙午,辛亥,丙申,戊辰,壬卯,癸卯,丙午,己酉,乙亥,癸卯,丙辰,庚午,辛酉,甲辰,戊申,HSI,15497573934947627411,2025-06-03 18:41:28.014756+08:00
334,2026-03-20 02:41:10.789742+08:00,癸丑,癸巳,戊子,戊申,辛卯,丙午,辛亥,丙申,庚辰,癸辰,癸卯,丙午,己酉,乙亥,癸卯,丙辰,庚午,辛酉,甲辰,戊申,HSI,11667403794178458188,2025-06-03 18:41:28.014756+08:00
335,2026-03-23 02:41:10.789742+08:00,己丑,丙申,辛卯,甲申,丙午,丙午,辛亥,辛亥,丙辰,丙未,戊午,丙午,己酉,乙亥,癸卯,丙辰,庚午,辛酉,甲辰,戊申,HSI,17396346140717431251,2025-06-03 18:41:28.014756+08:00
336,2026-03-24 02:41:10.789742+08:00,辛丑,丁酉,壬辰,丙申,丙午,丙午,辛亥,辛亥,戊辰,丁申,己午,丙午,己酉,乙亥,癸卯,丙辰,庚午,辛酉,甲辰,戊申,HSI,5501900113719508363,2025-06-03 18:41:28.014756+08:00
337,2026-03-25 02:41:10.789742+08:00,癸丑,戊戌,癸巳,戊申,丙午,丙午,辛亥,辛亥,庚辰,戊酉,己午,丙午,己酉,乙亥,癸卯,丙辰,庚午,辛酉,甲辰,戊申,HSI,14793001661768740170,2025-06-03 18:41:28.014756+08:00
338,2026-03-26 02:41:10.789742+08:00,乙丑,己亥,甲午,庚申,丙午,丙午,辛亥,辛亥,壬辰,己戌,己午,丙午,己酉,乙亥,癸卯,丙辰,庚午,辛酉,甲辰,戊申,HSI,15353566631300509218,2025-06-03 18:41:28.014756+08:00
339,2026-03-27 02:41:10.789742+08:00,丁丑,庚子,乙未,壬申,丙午,丙午,辛亥,辛亥,甲辰,庚亥,甲午,丙午,己酉,乙亥,癸卯,丙辰,庚午,辛酉,甲辰,戊申,HSI,17366875673630072055,2025-06-03 18:41:28.014756+08:00
340,2026-03-30 02:41:10.789742+08:00,癸丑,癸卯,戊戌,戊申,丙午,丙午,辛亥,辛亥,庚辰,癸寅,乙午,丙午,己酉,乙亥,癸卯,丙辰,庚午,辛酉,甲辰,戊申,HSI,1271070692687705007,2025-06-03 18:41:28.014756+08:00
341,2026-03-31 02:41:10.789742+08:00,乙丑,甲辰,己亥,庚申,丙午,丙午,辛亥,辛亥,壬辰,甲卯,乙午,丙午,己酉,乙亥,癸卯,丙辰,庚午,辛酉,甲辰,戊申,HSI,14444211230135108423,2025-06-03 18:41:28.014756+08:00
342,2026-04-01 02:41:10.789742+08:00,丁丑,乙巳,庚子,壬申,丙午,丙午,辛亥,辛亥,甲辰,乙辰,乙午,丙午,己酉,乙亥,癸卯,丙辰,庚午,辛酉,甲辰,戊申,HSI,3559466689112870540,2025-06-03 18:41:28.014756+08:00
343,2026-04-02 02:41:10.789742+08:00,己丑,丙午,辛丑,甲申,丙午,丙午,辛亥,辛亥,丙辰,丙巳,乙午,丙午,己酉,乙亥,癸卯,丙辰,庚午,辛酉,甲辰,戊申,HSI,5735002796107258154,2025-06-03 18:41:28.014756+08:00
344,2026-04-03 02:41:10.789742+08:00,辛丑,丁未,壬寅,丙申,丙午,丙午,辛亥,辛亥,戊辰,丁午,庚午,丙午,己酉,乙亥,癸卯,丙辰,庚午,辛酉,甲辰,戊申,HSI,13527540861952303547,2025-06-03 18:41:28.014756+08:00
345,2026-04-06 02:41:10.789742+08:00,丁丑,庚戌,乙巳,壬申,壬辰,丙午,辛亥,丁酉,甲辰,庚酉,壬辰,丙午,己酉,乙亥,癸卯,丙辰,庚午,辛酉,甲辰,戊申,HSI,7793386791804037743,2025-06-03 18:41:28.014756+08:00
346,2026-04-07 02:41:10.789742+08:00,己丑,辛亥,丙午,甲申,壬辰,丙午,辛亥,丁酉,丙辰,辛戌,壬辰,丙午,己酉,乙亥,癸卯,丙辰,庚午,辛酉,甲辰,戊申,HSI,9811337844505106541,2025-06-03 18:41:28.014756+08:00
347,2026-04-08 02:41:10.789742+08:00,辛丑,壬子,丁未,丙申,壬辰,丙午,辛亥,丁酉,戊辰,壬亥,壬辰,丙午,己酉,乙亥,癸卯,丙辰,庚午,辛酉,甲辰,戊申,HSI,10654153512793701765,2025-06-03 18:41:28.014756+08:00
348,2026-04-09 02:41:10.789742+08:00,癸丑,癸丑,戊申,戊申,壬辰,丙午,辛亥,丁酉,庚辰,癸子,丁辰,丙午,己酉,乙亥,癸卯,丙辰,庚午,辛酉,甲辰,戊申,HSI,13475183170795731219,2025-06-03 18:41:28.014756+08:00
349,2026-04-10 02:41:10.789742+08:00,乙丑,甲寅,己酉,庚申,壬辰,丙午,辛亥,丁酉,壬辰,甲丑,丁辰,丙午,己酉,乙亥,癸卯,丙辰,庚午,辛酉,甲辰,戊申,HSI,11111163451981292181,2025-06-03 18:41:28.014756+08:00
350,2026-04-13 02:41:10.789742+08:00,辛丑,丁巳,壬子,丙申,壬辰,丙午,辛亥,丁酉,戊辰,丁辰,戊辰,丙午,己酉,乙亥,癸卯,丙辰,庚午,辛酉,甲辰,戊申,HSI,13044330644917787875,2025-06-03 18:41:28.014756+08:00
351,2026-04-14 02:41:10.789742+08:00,癸丑,戊午,癸丑,戊申,壬辰,丙午,辛亥,丁酉,庚辰,戊巳,戊辰,丙午,己酉,乙亥,癸卯,丙辰,庚午,辛酉,甲辰,戊申,HSI,16263291687087685591,2025-06-03 18:41:28.014756+08:00
352,2026-04-15 02:41:10.789742+08:00,乙丑,己未,甲寅,庚申,壬辰,丙午,辛亥,丁酉,壬辰,己午,癸辰,丙午,己酉,乙亥,癸卯,丙辰,庚午,辛酉,甲辰,戊申,HSI,17845521231195015112,2025-06-03 18:41:28.014756+08:00
353,2026-04-16 02:41:10.789742+08:00,丁丑,庚申,乙卯,壬申,壬辰,丙午,辛亥,丁酉,甲辰,庚未,癸辰,丙午,己酉,乙亥,癸卯,丙辰,庚午,辛酉,甲辰,戊申,HSI,10472034093605300142,2025-06-03 18:41:28.014756+08:00
354,2026-04-17 02:41:10.789742+08:00,己丑,辛酉,丙辰,甲申,壬辰,丙午,辛亥,丁酉,丙辰,辛申,癸辰,丙未,己酉,乙亥,癸卯,丙辰,庚午,辛酉,甲辰,戊申,HSI,10930793930293678156,2025-06-03 18:41:28.014756+08:00
355,2026-04-20 02:41:10.789742+08:00,乙丑,甲子,己未,庚申,壬辰,丙午,辛亥,丁酉,壬辰,甲亥,甲辰,丙未,己酉,乙亥,癸卯,丙辰,庚午,辛酉,甲辰,戊申,HSI,16374978417483623571,2025-06-03 18:41:28.014756+08:00
356,2026-04-21 02:41:10.789742+08:00,丁丑,乙丑,庚申,壬申,丁未,丙午,辛亥,壬子,甲辰,乙子,己未,丙未,己酉,乙亥,癸卯,丙辰,庚午,辛酉,甲辰,戊申,HSI,15542092984523414055,2025-06-03 18:41:28.014756+08:00
357,2026-04-22 02:41:10.789742+08:00,己丑,丙寅,辛酉,甲申,丁未,丙午,辛亥,壬子,丙辰,丙丑,己未,丙未,己酉,乙亥,癸卯,丙辰,庚午,辛酉,甲辰,戊申,HSI,6234733758763591438,2025-06-03 18:41:28.014756+08:00
358,2026-04-23 02:41:10.789742+08:00,辛丑,丁卯,壬戌,丙申,丁未,丙午,辛亥,壬子,戊辰,丁寅,己未,丙未,己酉,乙亥,癸卯,丙辰,庚午,辛酉,甲辰,戊申,HSI,8270371301161487976,2025-06-03 18:41:28.014756+08:00
359,2026-04-24 02:41:10.789742+08:00,癸丑,戊辰,癸亥,戊申,丁未,丙午,辛亥,壬子,庚辰,戊卯,庚未,丙未,己酉,乙亥,癸卯,丙辰,庚午,辛酉,甲辰,戊申,HSI,13747635513398996395,2025-06-03 18:41:28.014756+08:00
360,2026-04-27 02:41:10.789742+08:00,己丑,辛未,丙寅,甲申,丁未,丙午,辛亥,壬子,丙辰,辛午,乙未,丙未,己酉,乙亥,癸卯,丙辰,庚午,辛酉,甲辰,戊申,HSI,14634959401165045069,2025-06-03 18:41:28.014756+08:00
361,2026-04-28 02:41:10.789742+08:00,辛丑,壬申,丁卯,丙申,丁未,丙午,辛亥,壬子,戊辰,壬未,乙未,丙未,己酉,乙亥,癸卯,丙辰,庚午,辛酉,甲辰,戊申,HSI,12869618546631817339,2025-06-03 18:41:28.014756+08:00
362,2026-04-29 02:41:10.789742+08:00,癸丑,癸酉,戊辰,戊申,丁未,丙午,辛亥,壬子,庚辰,癸申,乙未,丙未,己酉,乙亥,癸卯,丙辰,庚午,辛酉,甲辰,戊申,HSI,8899592998577009289,2025-06-03 18:41:28.014756+08:00
363,2026-04-30 02:41:10.789742+08:00,乙丑,甲戌,己巳,庚申,丁未,丙午,辛亥,壬子,壬辰,甲酉,丙未,丙未,己酉,乙亥,癸卯,丙辰,庚午,辛酉,甲辰,戊申,HSI,9143967710502673398,2025-06-03 18:41:28.014756+08:00
364,2026-05-01 02:41:10.789742+08:00,丁丑,乙亥,庚午,壬申,丁未,丙午,辛亥,壬子,甲辰,乙戌,丙未,丙未,己酉,乙亥,癸卯,丙辰,庚午,辛酉,甲辰,戊申,HSI,5492025094588195023,2025-06-03 18:41:28.014756+08:00
365,2026-05-04 02:41:10.789742+08:00,癸丑,戊寅,癸酉,戊申,丁未,丙午,辛亥,壬子,庚辰,戊丑,辛未,丙未,己酉,乙亥,癸卯,丙辰,庚午,辛酉,甲辰,戊申,HSI,10811139115770400408,2025-06-03 18:41:28.014756+08:00
366,2026-05-05 02:41:10.789742+08:00,乙丑,己卯,甲戌,庚申,丁未,丙午,辛亥,壬子,壬辰,己寅,辛未,丙未,己酉,乙亥,癸卯,丙辰,庚午,辛酉,甲辰,戊申,HSI,130804853743942801,2025-06-03 18:41:28.014756+08:00
367,2026-05-06 02:41:10.789742+08:00,丁丑,庚辰,乙亥,壬申,癸巳,丙午,辛亥,戊戌,甲辰,庚卯,癸巳,丙未,己酉,乙亥,癸卯,丙辰,庚午,辛酉,甲辰,戊申,HSI,4581289250031966892,2025-06-03 18:41:28.014756+08:00
368,2026-05-07 02:41:10.789742+08:00,己丑,辛巳,丙子,甲申,癸巳,丙午,辛亥,戊戌,丙辰,辛辰,癸巳,丙未,己酉,乙亥,癸卯,丙辰,庚午,辛酉,甲辰,戊申,HSI,15289982056784381621,2025-06-03 18:41:28.014756+08:00
369,2026-05-08 02:41:10.789742+08:00,辛丑,壬午,丁丑,丙申,癸巳,丙午,辛亥,戊戌,戊辰,壬巳,癸巳,丙未,己酉,乙亥,癸卯,丙辰,庚午,辛酉,甲辰,戊申,HSI,11727040214165961524,2025-06-03 18:41:28.014756+08:00
370,2026-05-11 02:41:10.789742+08:00,丁丑,乙酉,庚辰,壬申,癸巳,丙午,辛亥,戊戌,甲辰,乙申,戊巳,丙未,己酉,乙亥,癸卯,丙辰,庚午,辛酉,甲辰,戊申,HSI,12918024105381369787,2025-06-03 18:41:28.014756+08:00
371,2026-05-12 02:41:10.789742+08:00,己丑,丙戌,辛巳,甲申,癸巳,丙午,辛亥,戊戌,丙辰,丙酉,己巳,丙未,己酉,乙亥,癸卯,丙辰,庚午,辛酉,甲辰,戊申,HSI,15534426407984578988,2025-06-03 18:41:28.014756+08:00
372,2026-05-13 02:41:10.789742+08:00,辛丑,丁亥,壬午,丙申,癸巳,丙午,辛亥,戊戌,戊辰,丁戌,己巳,丙未,己酉,乙亥,癸卯,丙辰,庚午,辛酉,甲辰,戊申,HSI,513716013292747984,2025-06-03 18:41:28.014756+08:00
373,2026-05-14 02:41:10.789742+08:00,癸丑,戊子,癸未,戊申,癸巳,丙午,辛亥,戊戌,庚辰,戊亥,己巳,丙未,己酉,乙亥,癸卯,丙辰,庚午,辛酉,甲辰,戊申,HSI,964902635184450428,2025-06-03 18:41:28.014756+08:00
374,2026-05-15 02:41:10.789742+08:00,乙丑,己丑,甲申,庚申,癸巳,丙午,辛亥,戊戌,壬辰,己子,甲巳,丙未,己酉,乙亥,癸卯,丙辰,庚午,辛酉,甲辰,戊申,HSI,3673161074998723734,2025-06-03 18:41:28.014756+08:00
375,2026-05-18 02:41:10.789742+08:00,辛丑,壬辰,丁亥,丙申,癸巳,丙午,辛亥,戊戌,戊辰,壬卯,甲巳,丙未,己酉,乙亥,癸卯,丙辰,庚午,辛酉,甲辰,戊申,HSI,16929998533780804628,2025-06-03 18:41:28.014756+08:00
376,2026-05-19 02:41:10.789742+08:00,癸丑,癸巳,戊子,戊申,癸巳,丙午,辛亥,戊戌,庚辰,癸辰,乙巳,丙未,己酉,乙亥,癸卯,丙辰,庚午,辛酉,甲辰,戊申,HSI,14585582926128005640,2025-06-03 18:41:28.014756+08:00
377,2026-05-20 02:41:10.789742+08:00,乙丑,甲午,己丑,庚申,癸巳,丙午,辛亥,戊戌,壬辰,甲巳,乙巳,丙未,己酉,乙亥,癸卯,丙辰,庚午,辛酉,甲辰,戊申,HSI,842606350998885178,2025-06-03 18:41:28.014756+08:00
378,2026-05-21 02:41:10.789742+08:00,丁丑,乙未,庚寅,壬申,癸巳,丙午,辛亥,戊戌,甲辰,乙午,乙巳,丙未,己酉,乙亥,癸卯,丙辰,庚午,辛酉,甲辰,戊申,HSI,15780746334903184642,2025-06-03 18:41:28.014756+08:00
379,2026-05-22 02:41:10.789742+08:00,己丑,丙申,辛卯,甲申,戊申,丙午,辛亥,癸丑,丙辰,丙未,庚申,丙未,己酉,乙亥,癸卯,丙辰,庚午,辛酉,甲辰,戊申,HSI,16283037220867326764,2025-06-03 18:41:28.014756+08:00
380,2026-05-25 02:41:10.789742+08:00,乙丑,己亥,甲午,庚申,戊申,丙午,辛亥,癸丑,壬辰,己戌,辛申,丙未,己酉,乙亥,癸卯,丙辰,庚午,辛酉,甲辰,戊申,HSI,4214380919193145632,2025-06-03 18:41:28.014756+08:00
381,2026-05-26 02:41:10.789742+08:00,丁丑,庚子,乙未,壬申,戊申,丙午,辛亥,癸丑,甲辰,庚亥,辛申,丙未,己酉,乙亥,癸卯,丙辰,庚午,辛酉,甲辰,戊申,HSI,2145106059297619573,2025-06-03 18:41:28.014756+08:00
382,2026-05-27 02:41:10.789742+08:00,己丑,辛丑,丙申,甲申,戊申,丙午,辛亥,癸丑,丙辰,辛子,辛申,丙未,己酉,乙亥,癸卯,丙辰,庚午,辛酉,甲辰,戊申,HSI,11095337573254554302,2025-06-03 18:41:28.014756+08:00
383,2026-05-28 02:41:10.789742+08:00,辛丑,壬寅,丁酉,丙申,戊申,丙午,辛亥,癸丑,戊辰,壬丑,丙申,丙未,己酉,乙亥,癸卯,丙辰,庚午,辛酉,甲辰,戊申,HSI,5792687963705064190,2025-06-03 18:41:28.014756+08:00
384,2026-05-29 02:41:10.789742+08:00,癸丑,癸卯,戊戌,戊申,戊申,丙午,辛亥,癸丑,庚辰,癸寅,丙申,丙未,己酉,乙亥,癸卯,丙辰,庚午,辛酉,甲辰,戊申,HSI,8660109275612851276,2025-06-03 18:41:28.014756+08:00
385,2026-06-01 02:41:10.789742+08:00,己丑,丙午,辛丑,甲申,戊申,丙午,辛亥,癸丑,丙辰,丙巳,丁申,丙未,己酉,乙亥,癸卯,丙辰,庚午,辛酉,甲辰,戊申,HSI,5398665368796864626,2025-06-03 18:41:28.014756+08:00
386,2026-06-02 02:41:10.789742+08:00,辛丑,丁未,壬寅,丙申,戊申,丙午,辛亥,癸丑,戊辰,丁午,丁申,丙未,己酉,乙亥,癸卯,丙辰,庚午,辛酉,甲辰,戊申,HSI,543427451175370095,2025-06-03 18:41:28.014756+08:00
387,2026-06-03 02:41:10.789742+08:00,癸丑,戊申,癸卯,戊申,戊申,丙午,辛亥,癸丑,庚辰,戊未,壬申,丙未,己酉,乙亥,癸卯,丙辰,庚午,辛酉,甲辰,戊申,HSI,14763731833055125985,2025-06-03 18:41:28.014756+08:00
388,2026-06-04 02:41:10.789742+08:00,乙丑,己酉,甲辰,庚申,戊申,丙午,辛亥,癸丑,壬辰,己申,壬申,丙未,己酉,乙亥,癸卯,丙辰,庚午,辛酉,甲辰,戊申,HSI,12665874660175585101,2025-06-03 18:41:28.014756+08:00
389,2026-06-05 02:41:10.789742+08:00,丁丑,庚戌,乙巳,壬申,戊申,丙午,辛亥,癸丑,甲辰,庚酉,壬申,丙未,己酉,乙亥,癸卯,丙辰,庚午,辛酉,甲辰,戊申,HSI,3980064615992706248,2025-06-03 18:41:28.014756+08:00
390,2026-06-08 02:41:10.789742+08:00,癸丑,癸丑,戊午,戊午,甲午,辛酉,丙辰,己丑,庚辰,癸子,甲午,丙未,己酉,乙亥,癸卯,丙辰,庚午,辛酉,甲辰,戊申,HSI,9201272641639001244,2025-06-03 18:41:28.014756+08:00
391,2026-06-09 02:41:10.789742+08:00,乙丑,甲寅,己未,庚午,甲午,辛酉,丙辰,己丑,壬辰,甲丑,甲午,丙未,己酉,乙亥,癸卯,丙辰,庚午,辛酉,甲辰,戊申,HSI,8386298405619852215,2025-06-03 18:41:28.014756+08:00
392,2026-06-10 02:41:10.789742+08:00,丁丑,乙卯,庚申,壬午,甲午,辛酉,丙辰,己丑,甲辰,乙寅,己午,丙未,己酉,乙亥,癸卯,丙辰,庚午,辛酉,甲辰,戊申,HSI,14839493851553267516,2025-06-03 18:41:28.014756+08:00
393,2026-06-11 02:41:10.789742+08:00,己丑,丙辰,辛酉,甲午,甲午,辛酉,丙辰,己丑,丙辰,丙卯,己午,丙未,己酉,乙亥,癸卯,丙辰,庚午,辛酉,甲辰,戊申,HSI,8851515986008589398,2025-06-03 18:41:28.014756+08:00
394,2026-06-12 02:41:10.789742+08:00,辛丑,丁巳,壬戌,丙午,甲午,辛酉,丙辰,己丑,戊辰,丁辰,己午,丙未,己酉,乙亥,癸卯,丙辰,庚午,辛酉,甲辰,戊申,HSI,10751681195147444910,2025-06-03 18:41:28.014756+08:00
395,2026-06-15 02:41:10.789742+08:00,丁丑,庚申,乙丑,壬午,甲午,辛酉,丙辰,己丑,甲辰,庚未,庚午,丙申,己酉,乙亥,癸卯,丙辰,庚午,辛酉,甲辰,戊申,HSI,7076990504551972980,2025-06-03 18:41:28.014756+08:00
396,2026-06-16 02:41:10.789742+08:00,己丑,辛酉,丙寅,甲午,甲午,辛酉,丙辰,己丑,丙辰,辛申,乙午,丙申,己酉,乙亥,癸卯,丙辰,庚午,辛酉,甲辰,戊申,HSI,15433797697544819872,2025-06-03 18:41:28.014756+08:00
397,2026-06-17 02:41:10.789742+08:00,辛丑,壬戌,丁卯,丙午,甲午,辛酉,丙辰,己丑,戊辰,壬酉,乙午,丙申,己酉,乙亥,癸卯,丙辰,庚午,辛酉,甲辰,戊申,HSI,6833603714972504745,2025-06-03 18:41:28.014756+08:00
398,2026-06-18 02:41:10.789742+08:00,癸丑,癸亥,戊辰,戊午,甲午,辛酉,丙辰,己丑,庚辰,癸戌,乙午,丙申,己酉,乙亥,癸卯,丙辰,庚午,辛酉,甲辰,戊申,HSI,205388008850821868,2025-06-03 18:41:28.014756+08:00
399,2026-06-19 02:41:10.789742+08:00,乙丑,甲子,己巳,庚午,甲午,辛酉,丙辰,己丑,壬辰,甲亥,丙午,丙申,己酉,乙亥,癸卯,丙辰,庚午,辛酉,甲辰,戊申,HSI,4628425358853456386,2025-06-03 18:41:28.014756+08:00
400,2026-06-22 02:41:10.789742+08:00,辛丑,丁卯,壬申,丙午,己酉,辛酉,丙辰,甲辰,戊辰,丁寅,辛酉,丙申,己酉,乙亥,癸卯,丙辰,庚午,辛酉,甲辰,戊申,HSI,16191752914016824941,2025-06-03 18:41:28.014756+08:00
401,2026-06-23 02:41:10.789742+08:00,癸丑,戊辰,癸酉,戊午,己酉,辛酉,丙辰,甲辰,庚辰,戊卯,辛酉,丙申,己酉,乙亥,癸卯,丙辰,庚午,辛酉,甲辰,戊申,HSI,1377454960763444212,2025-06-03 18:41:28.014756+08:00
402,2026-06-24 02:41:10.789742+08:00,乙丑,己巳,甲戌,庚午,己酉,辛酉,丙辰,甲辰,壬辰,己辰,辛酉,丙申,己酉,乙亥,癸卯,丙辰,庚午,辛酉,甲辰,戊申,HSI,14622615284239753057,2025-06-03 18:41:28.014756+08:00
403,2026-06-25 02:41:10.789742+08:00,丁丑,庚午,乙亥,壬午,己酉,辛酉,丙辰,甲辰,甲辰,庚巳,壬酉,丙申,己酉,乙亥,癸卯,丙辰,庚午,辛酉,甲辰,戊申,HSI,17295760924716910253,2025-06-03 18:41:28.014756+08:00
404,2026-06-26 02:41:10.789742+08:00,己丑,辛未,丙子,甲午,己酉,辛酉,丙辰,甲辰,丙辰,辛午,壬酉,丙申,己酉,乙亥,癸卯,丙辰,庚午,辛酉,甲辰,戊申,HSI,6931515748443508168,2025-06-03 18:41:28.014756+08:00
405,2026-06-29 02:41:10.789742+08:00,乙丑,甲戌,己卯,庚午,己酉,辛酉,丙辰,甲辰,壬辰,甲酉,丁酉,丙申,己酉,乙亥,癸卯,丙辰,庚午,辛酉,甲辰,戊申,HSI,3309307578519475020,2025-06-03 18:41:28.014756+08:00
406,2026-06-30 02:41:10.789742+08:00,丁丑,乙亥,庚辰,壬午,己酉,辛酉,丙辰,甲辰,甲辰,乙戌,丁酉,丙申,己酉,乙亥,癸卯,丙辰,庚午,辛酉,甲辰,戊申,HSI,11916352061128326938,2025-06-03 18:41:28.014756+08:00
407,2026-07-01 02:41:10.789742+08:00,己丑,丙子,辛巳,甲午,己酉,辛酉,丙辰,甲辰,丙辰,丙亥,丁酉,丙申,己酉,乙亥,癸卯,丙辰,庚午,辛酉,甲辰,戊申,HSI,8720119860541505442,2025-06-03 18:41:28.014756+08:00
408,2026-07-02 02:41:10.789742+08:00,辛丑,丁丑,壬午,丙午,己酉,辛酉,丙辰,甲辰,戊辰,丁子,戊酉,丙申,己酉,乙亥,癸卯,丙辰,庚午,辛酉,甲辰,戊申,HSI,3895703709040418812,2025-06-03 18:41:28.014756+08:00
409,2026-07-03 02:41:10.789742+08:00,癸丑,戊寅,癸未,戊午,己酉,辛酉,丙辰,甲辰,庚辰,戊丑,戊酉,丙申,己酉,乙亥,癸卯,丙辰,庚午,辛酉,甲辰,戊申,HSI,2724631202409351601,2025-06-03 18:41:28.014756+08:00
410,2026-07-06 02:41:10.789742+08:00,己丑,辛巳,丙戌,甲午,己酉,辛酉,丙辰,甲辰,丙辰,辛辰,癸酉,丙申,己酉,乙亥,癸卯,丙辰,庚午,辛酉,甲辰,戊申,HSI,6173617010751616223,2025-06-03 18:41:28.014756+08:00
411,2026-07-07 02:41:10.789742+08:00,辛丑,壬午,丁亥,丙午,己酉,辛酉,丙辰,甲辰,戊辰,壬巳,癸酉,丙申,己酉,乙亥,癸卯,丙辰,庚午,辛酉,甲辰,戊申,HSI,5683184775278109390,2025-06-03 18:41:28.014756+08:00
412,2026-07-08 02:41:10.789742+08:00,癸丑,癸未,戊子,戊午,乙未,辛酉,丙辰,庚寅,庚辰,癸午,乙未,丙申,己酉,乙亥,癸卯,丙辰,庚午,辛酉,甲辰,戊申,HSI,10949476875979272183,2025-06-03 18:41:28.014756+08:00
413,2026-07-09 02:41:10.789742+08:00,乙丑,甲申,己丑,庚午,乙未,辛酉,丙辰,庚寅,壬辰,甲未,乙未,丙申,己酉,乙亥,癸卯,丙辰,庚午,辛酉,甲辰,戊申,HSI,11259795770693561355,2025-06-03 18:41:28.014756+08:00
414,2026-07-10 02:41:10.789742+08:00,丁丑,乙酉,庚寅,壬午,乙未,辛酉,丙辰,庚寅,甲辰,乙申,乙未,丙申,己酉,乙亥,癸卯,丙辰,庚午,辛酉,甲辰,戊申,HSI,4986917015373635625,2025-06-03 18:41:28.014756+08:00
415,2026-07-13 02:41:10.789742+08:00,癸丑,戊子,癸巳,戊午,乙未,辛酉,丙辰,庚寅,庚辰,戊亥,庚未,丙申,己酉,乙亥,癸卯,丙辰,庚午,辛酉,甲辰,戊申,HSI,1306081055516063426,2025-06-03 18:41:28.014756+08:00
416,2026-07-14 02:41:10.789742+08:00,乙丑,己丑,甲午,庚午,乙未,辛酉,丙辰,庚寅,壬辰,己子,辛未,丙申,己酉,乙亥,癸卯,丙辰,庚午,辛酉,甲辰,戊申,HSI,4381377155333601082,2025-06-03 18:41:28.014756+08:00
417,2026-07-15 02:41:10.789742+08:00,丁丑,庚寅,乙未,壬午,乙未,辛酉,丙辰,庚寅,甲辰,庚丑,辛未,丙申,己酉,乙亥,癸卯,丙辰,庚午,辛酉,甲辰,戊申,HSI,3069424120058625761,2025-06-03 18:41:28.014756+08:00
418,2026-07-16 02:41:10.789742+08:00,己丑,辛卯,丙申,甲午,乙未,辛酉,丙辰,庚寅,丙辰,辛寅,辛未,丙申,己酉,乙亥,癸卯,丙辰,庚午,辛酉,甲辰,戊申,HSI,14752190324284276418,2025-06-03 18:41:28.014756+08:00
419,2026-07-17 02:41:10.789742+08:00,辛丑,壬辰,丁酉,丙午,乙未,辛酉,丙辰,庚寅,戊辰,壬卯,丙未,丙申,己酉,乙亥,癸卯,丙辰,庚午,辛酉,甲辰,戊申,HSI,5799147371713921286,2025-06-03 18:41:28.014756+08:00
420,2026-07-20 02:41:10.789742+08:00,丁丑,乙未,庚子,壬午,乙未,辛酉,丙辰,庚寅,甲辰,乙午,丁未,丙申,己酉,乙亥,癸卯,丙辰,庚午,辛酉,甲辰,戊申,HSI,15006245617741078962,2025-06-03 18:41:28.014756+08:00
421,2026-07-21 02:41:10.789742+08:00,己丑,丙申,辛丑,甲午,乙未,辛酉,丙辰,庚寅,丙辰,丙未,丁未,丙申,己酉,乙亥,癸卯,丙辰,庚午,辛酉,甲辰,戊申,HSI,8711560580591906864,2025-06-03 18:41:28.014756+08:00
422,2026-07-22 02:41:10.789742+08:00,辛丑,丁酉,壬寅,丙午,乙未,辛酉,丙辰,庚寅,戊辰,丁申,丁未,丙申,己酉,乙亥,癸卯,丙辰,庚午,辛酉,甲辰,戊申,HSI,806798386510172188,2025-06-03 18:41:28.014756+08:00
423,2026-07-23 02:41:10.789742+08:00,癸丑,戊戌,癸卯,戊午,乙未,辛酉,丙辰,庚寅,庚辰,戊酉,丁未,丙申,己酉,乙亥,癸卯,丙辰,庚午,辛酉,甲辰,戊申,HSI,1768859792618773492,2025-06-03 18:41:28.014756+08:00
424,2026-07-24 02:41:10.789742+08:00,乙丑,己亥,甲辰,庚午,庚戌,辛酉,丙辰,乙巳,壬辰,己戌,壬戌,丙申,己酉,乙亥,癸卯,丙辰,庚午,辛酉,甲辰,戊申,HSI,11620960118913945556,2025-06-03 18:41:28.014756+08:00
425,2026-07-27 02:41:10.789742+08:00,辛丑,壬寅,丁未,丙午,庚戌,辛酉,丙辰,乙巳,戊辰,壬丑,癸戌,丙申,己酉,乙亥,癸卯,丙辰,庚午,辛酉,甲辰,戊申,HSI,10782496278457049334,2025-06-03 18:41:28.014756+08:00
426,2026-07-28 02:41:10.789742+08:00,癸丑,癸卯,戊申,戊午,庚戌,辛酉,丙辰,乙巳,庚辰,癸寅,癸戌,丙申,己酉,乙亥,癸卯,丙辰,庚午,辛酉,甲辰,戊申,HSI,9866499226536745891,2025-06-03 18:41:28.014756+08:00
427,2026-07-29 02:41:10.789742+08:00,乙丑,甲辰,己酉,庚午,庚戌,辛酉,丙辰,乙巳,壬辰,甲卯,癸戌,丙申,己酉,乙亥,癸卯,丙辰,庚午,辛酉,甲辰,戊申,HSI,3816296906325478235,2025-06-03 18:41:28.014756+08:00
428,2026-07-30 02:41:10.789742+08:00,丁丑,乙巳,庚戌,壬午,庚戌,辛酉,丙辰,乙巳,甲辰,乙辰,戊戌,丙申,己酉,乙亥,癸卯,丙辰,庚午,辛酉,甲辰,戊申,HSI,11527896036190752356,2025-06-03 18:41:28.014756+08:00
429,2026-07-31 02:41:10.789742+08:00,己丑,丙午,辛亥,甲午,庚戌,辛酉,丙辰,乙巳,丙辰,丙巳,戊戌,丙申,己酉,乙亥,癸卯,丙辰,庚午,辛酉,甲辰,戊申,HSI,2609244756620459831,2025-06-03 18:41:28.014756+08:00
430,2026-08-03 02:41:10.789742+08:00,乙丑,己酉,甲寅,庚午,庚戌,辛酉,丙辰,乙巳,壬辰,己申,己戌,丙申,己酉,乙亥,癸卯,丙辰,庚午,辛酉,甲辰,戊申,HSI,18074424604736652911,2025-06-03 18:41:28.014756+08:00
431,2026-08-04 02:41:10.789742+08:00,丁丑,庚戌,乙卯,壬午,庚戌,辛酉,丙辰,乙巳,甲辰,庚酉,己戌,丙申,己酉,乙亥,癸卯,丙辰,庚午,辛酉,甲辰,戊申,HSI,4772949956389657950,2025-06-03 18:41:28.014756+08:00
432,2026-08-05 02:41:10.789742+08:00,己丑,辛亥,丙辰,甲午,庚戌,辛酉,丙辰,乙巳,丙辰,辛戌,甲戌,丙申,己酉,乙亥,癸卯,丙辰,庚午,辛酉,甲辰,戊申,HSI,8308140345923594022,2025-06-03 18:41:28.014756+08:00
433,2026-08-06 02:41:10.789742+08:00,辛丑,壬子,丁巳,丙午,庚戌,辛酉,丙辰,乙巳,戊辰,壬亥,甲戌,丙申,己酉,乙亥,癸卯,丙辰,庚午,辛酉,甲辰,戊申,HSI,12168410119670049218,2025-06-03 18:41:28.014756+08:00
434,2026-08-07 02:41:10.789742+08:00,癸丑,癸丑,戊午,戊午,庚戌,辛酉,丙辰,乙巳,庚辰,癸子,甲戌,丙申,己酉,乙亥,癸卯,丙辰,庚午,辛酉,甲辰,戊申,HSI,1193236386860877405,2025-06-03 18:41:28.014756+08:00
435,2026-08-10 02:41:10.789742+08:00,己丑,丙辰,辛酉,甲午,丙申,辛酉,丙辰,辛卯,丙辰,丙卯,丙申,丙申,己酉,乙亥,癸卯,丙辰,庚午,辛酉,甲辰,戊申,HSI,6941357892082449469,2025-06-03 18:41:28.014756+08:00
436,2026-08-11 02:41:10.789742+08:00,辛丑,丁巳,壬戌,丙午,丙申,辛酉,丙辰,辛卯,戊辰,丁辰,辛申,丙申,己酉,乙亥,癸卯,丙辰,庚午,辛酉,甲辰,戊申,HSI,8122530024588511066,2025-06-03 18:41:28.014756+08:00
437,2026-08-12 02:41:10.789742+08:00,癸丑,戊午,癸亥,戊午,丙申,辛酉,丙辰,辛卯,庚辰,戊巳,辛申,丙申,己酉,乙亥,癸卯,丙辰,庚午,辛酉,甲辰,戊申,HSI,11483948209317852411,2025-06-03 18:41:28.014756+08:00
438,2026-08-13 02:41:10.789742+08:00,乙丑,己未,甲子,庚午,丙申,辛酉,丙辰,辛卯,壬辰,己午,辛申,辛酉,己酉,乙亥,癸卯,丙辰,庚午,辛酉,甲辰,戊申,HSI,3946376751344742779,2025-06-03 18:41:28.014756+08:00
439,2026-08-14 02:41:10.789742+08:00,丁丑,庚申,乙丑,壬午,丙申,辛酉,丙辰,辛卯,甲辰,庚未,辛申,辛酉,己酉,乙亥,癸卯,丙辰,庚午,辛酉,甲辰,戊申,HSI,4936850506204515582,2025-06-03 18:41:28.014756+08:00
440,2026-08-17 02:41:10.789742+08:00,癸丑,癸亥,戊辰,戊午,丙申,辛酉,丙辰,辛卯,庚辰,癸戌,壬申,辛酉,己酉,乙亥,癸卯,丙辰,庚午,辛酉,甲辰,戊申,HSI,2571816029411832859,2025-06-03 18:41:28.014756+08:00
441,2026-08-18 02:41:10.789742+08:00,乙丑,甲子,己巳,庚午,丙申,辛酉,丙辰,辛卯,壬辰,甲亥,丁申,辛酉,己酉,乙亥,癸卯,丙辰,庚午,辛酉,甲辰,戊申,HSI,11107388635619996148,2025-06-03 18:41:28.014756+08:00
442,2026-08-19 02:41:10.789742+08:00,丁丑,乙丑,庚午,壬午,丙申,辛酉,丙辰,辛卯,甲辰,乙子,丁申,辛酉,己酉,乙亥,癸卯,丙辰,庚午,辛酉,甲辰,戊申,HSI,13749598115486651108,2025-06-03 18:41:28.014756+08:00
443,2026-08-20 02:41:10.789742+08:00,己丑,丙寅,辛未,甲午,丙申,辛酉,丙辰,辛卯,丙辰,丙丑,丁申,辛酉,己酉,乙亥,癸卯,丙辰,庚午,辛酉,甲辰,戊申,HSI,3181921490974190352,2025-06-03 18:41:28.014756+08:00
444,2026-08-21 02:41:10.789742+08:00,辛丑,丁卯,壬申,丙午,丙申,辛酉,丙辰,辛卯,戊辰,丁寅,戊申,辛酉,己酉,乙亥,癸卯,丙辰,庚午,辛酉,甲辰,戊申,HSI,12688729281989605051,2025-06-03 18:41:28.014756+08:00
445,2026-08-24 02:41:10.789742+08:00,丁丑,庚午,乙亥,壬午,辛亥,辛酉,丙辰,丙午,甲辰,庚巳,癸亥,辛酉,己酉,乙亥,癸卯,丙辰,庚午,辛酉,甲辰,戊申,HSI,1574729467152261258,2025-06-03 18:41:28.014756+08:00
446,2026-08-25 02:41:10.789742+08:00,己丑,辛未,丙子,甲午,辛亥,辛酉,丙辰,丙午,丙辰,辛午,癸亥,辛酉,己酉,乙亥,癸卯,丙辰,庚午,辛酉,甲辰,戊申,HSI,5693561373940892912,2025-06-03 18:41:28.014756+08:00
447,2026-08-26 02:41:10.789742+08:00,辛丑,壬申,丁丑,丙午,辛亥,辛酉,丙辰,丙午,戊辰,壬未,癸亥,辛酉,己酉,乙亥,癸卯,丙辰,庚午,辛酉,甲辰,戊申,HSI,6707574326513061013,2025-06-03 18:41:28.014756+08:00
448,2026-08-27 02:41:10.789742+08:00,癸丑,癸酉,戊寅,戊午,辛亥,辛酉,丙辰,丙午,庚辰,癸申,甲亥,辛酉,己酉,乙亥,癸卯,丙辰,庚午,辛酉,甲辰,戊申,HSI,8761185496209257916,2025-06-03 18:41:28.014756+08:00
449,2026-08-28 02:41:10.789742+08:00,乙丑,甲戌,己卯,庚午,辛亥,辛酉,丙辰,丙午,壬辰,甲酉,甲亥,辛酉,己酉,乙亥,癸卯,丙辰,庚午,辛酉,甲辰,戊申,HSI,12260808790264555725,2025-06-03 18:41:28.014756+08:00
450,2026-08-31 02:41:10.789742+08:00,辛丑,丁丑,壬午,丙午,辛亥,辛酉,丙辰,丙午,戊辰,丁子,己亥,辛酉,己酉,乙亥,癸卯,丙辰,庚午,辛酉,甲辰,戊申,HSI,11311331806191455368,2025-06-03 18:41:28.014756+08:00
451,2026-09-01 02:41:10.789742+08:00,癸丑,戊寅,癸未,戊午,辛亥,辛酉,丙辰,丙午,庚辰,戊丑,己亥,辛酉,己酉,乙亥,癸卯,丙辰,庚午,辛酉,甲辰,戊申,HSI,14211614241292145359,2025-06-03 18:41:28.014756+08:00
452,2026-09-02 02:41:10.789742+08:00,乙丑,己卯,甲申,庚午,辛亥,辛酉,丙辰,丙午,壬辰,己寅,庚亥,辛酉,己酉,乙亥,癸卯,丙辰,庚午,辛酉,甲辰,戊申,HSI,5757395208981187298,2025-06-03 18:41:28.014756+08:00
453,2026-09-03 02:41:10.789742+08:00,丁丑,庚辰,乙酉,壬午,辛亥,辛酉,丙辰,丙午,甲辰,庚卯,庚亥,辛酉,己酉,乙亥,癸卯,丙辰,庚午,辛酉,甲辰,戊申,HSI,16991599534189297473,2025-06-03 18:41:28.014756+08:00
454,2026-09-04 02:41:10.789742+08:00,己丑,辛巳,丙戌,甲午,辛亥,辛酉,丙辰,丙午,丙辰,辛辰,庚亥,辛酉,己酉,乙亥,癸卯,丙辰,庚午,辛酉,甲辰,戊申,HSI,7871920458976985272,2025-06-03 18:41:28.014756+08:00
455,2026-09-07 02:41:10.789742+08:00,乙丑,甲申,己丑,庚午,辛亥,辛酉,丙辰,丙午,壬辰,甲未,乙亥,辛酉,己酉,乙亥,癸卯,丙辰,庚午,辛酉,甲辰,戊申,HSI,5384716265288669034,2025-06-03 18:41:28.014756+08:00
456,2026-09-08 02:41:10.789742+08:00,丁丑,乙酉,庚寅,壬午,丁酉,辛酉,丙辰,壬辰,甲辰,乙申,丁酉,辛酉,己酉,乙亥,癸卯,丙辰,庚午,辛酉,甲辰,戊申,HSI,15357679798385987864,2025-06-03 18:41:28.014756+08:00
457,2026-09-09 02:41:10.789742+08:00,己丑,丙戌,辛卯,甲午,丁酉,辛酉,丙辰,壬辰,丙辰,丙酉,丁酉,辛酉,己酉,乙亥,癸卯,丙辰,庚午,辛酉,甲辰,戊申,HSI,14105599518932447590,2025-06-03 18:41:28.014756+08:00
458,2026-09-10 02:41:10.789742+08:00,辛丑,丁亥,壬辰,丙午,丁酉,辛酉,丙辰,壬辰,戊辰,丁戌,丁酉,辛酉,己酉,乙亥,癸卯,丙辰,庚午,辛酉,甲辰,戊申,HSI,6661682607136164057,2025-06-03 18:41:28.014756+08:00
459,2026-09-11 02:41:10.789742+08:00,癸丑,戊子,癸巳,戊午,丁酉,辛酉,丙辰,壬辰,庚辰,戊亥,壬酉,辛酉,己酉,乙亥,癸卯,丙辰,庚午,辛酉,甲辰,戊申,HSI,17294045590414992245,2025-06-03 18:41:28.014756+08:00
460,2026-09-14 02:41:10.789742+08:00,己丑,辛卯,丙申,甲午,丁酉,辛酉,丙辰,壬辰,丙辰,辛寅,壬酉,辛酉,己酉,乙亥,癸卯,丙辰,庚午,辛酉,甲辰,戊申,HSI,555076207045377139,2025-06-03 18:41:28.014756+08:00
461,2026-09-15 02:41:10.789742+08:00,辛丑,壬辰,丁酉,丙午,丁酉,辛酉,丙辰,壬辰,戊辰,壬卯,癸酉,辛酉,己酉,乙亥,癸卯,丙辰,庚午,辛酉,甲辰,戊申,HSI,17988281204043546689,2025-06-03 18:41:28.014756+08:00
462,2026-09-16 02:41:10.789742+08:00,癸丑,癸巳,戊戌,戊午,丁酉,辛酉,丙辰,壬辰,庚辰,癸辰,癸酉,辛酉,己酉,乙亥,癸卯,丙辰,庚午,辛酉,甲辰,戊申,HSI,17560809810859054650,2025-06-03 18:41:28.014756+08:00
463,2026-09-17 02:41:10.789742+08:00,乙丑,甲午,己亥,庚午,丁酉,辛酉,丙辰,壬辰,壬辰,甲巳,癸酉,辛酉,己酉,乙亥,癸卯,丙辰,庚午,辛酉,甲辰,戊申,HSI,16701679645416822563,2025-06-03 18:41:28.014756+08:00
464,2026-09-18 02:41:10.789742+08:00,丁丑,乙未,庚子,壬午,丁酉,辛酉,丙辰,壬辰,甲辰,乙午,戊酉,辛酉,己酉,乙亥,癸卯,丙辰,庚午,辛酉,甲辰,戊申,HSI,6255059218665438460,2025-06-03 18:41:28.014756+08:00
465,2026-09-21 02:41:10.789742+08:00,癸丑,戊戌,癸卯,戊午,丁酉,辛酉,丙辰,壬辰,庚辰,戊酉,己酉,辛酉,己酉,乙亥,癸卯,丙辰,庚午,辛酉,甲辰,戊申,HSI,1138474355726150370,2025-06-03 18:41:28.014756+08:00
466,2026-09-22 02:41:10.789742+08:00,乙丑,己亥,甲辰,庚午,丁酉,辛酉,丙辰,壬辰,壬辰,己戌,己酉,辛酉,己酉,乙亥,癸卯,丙辰,庚午,辛酉,甲辰,戊申,HSI,9011299504140942559,2025-06-03 18:41:28.014756+08:00
467,2026-09-23 02:41:10.789742+08:00,丁丑,庚子,乙巳,壬午,丁酉,辛酉,丙辰,壬辰,甲辰,庚亥,己酉,辛酉,己酉,乙亥,癸卯,丙辰,庚午,辛酉,甲辰,戊申,HSI,11800521700510238091,2025-06-03 18:41:28.014756+08:00
468,2026-09-24 02:41:10.789742+08:00,己丑,辛丑,丙午,甲午,壬子,辛酉,丙辰,丁未,丙辰,辛子,甲子,辛酉,己酉,乙亥,癸卯,丙辰,庚午,辛酉,甲辰,戊申,HSI,15319271045433172656,2025-06-03 18:41:28.014756+08:00
469,2026-09-25 02:41:10.789742+08:00,辛丑,壬寅,丁未,丙午,壬子,辛酉,丙辰,丁未,戊辰,壬丑,甲子,辛酉,己酉,乙亥,癸卯,丙辰,庚午,辛酉,甲辰,戊申,HSI,5470009013722936777,2025-06-03 18:41:28.014756+08:00
470,2026-09-28 02:41:10.789742+08:00,丁丑,乙巳,庚戌,壬午,壬子,辛酉,丙辰,丁未,甲辰,乙辰,乙子,辛酉,己酉,乙亥,癸卯,丙辰,庚午,辛酉,甲辰,戊申,HSI,18197523299862197518,2025-06-03 18:41:28.014756+08:00
471,2026-09-29 02:41:10.789742+08:00,己丑,丙午,辛亥,甲午,壬子,辛酉,丙辰,丁未,丙辰,丙巳,乙子,辛酉,己酉,乙亥,癸卯,丙辰,庚午,辛酉,甲辰,戊申,HSI,13928911468262504948,2025-06-03 18:41:28.014756+08:00
472,2026-09-30 02:41:10.789742+08:00,辛丑,丁未,壬子,丙午,壬子,辛酉,丙辰,丁未,戊辰,丁午,庚子,辛酉,己酉,乙亥,癸卯,丙辰,庚午,辛酉,甲辰,戊申,HSI,12661503952866827220,2025-06-03 18:41:28.014756+08:00
473,2026-10-01 02:41:10.789742+08:00,癸丑,戊申,癸丑,戊午,壬子,辛酉,丙辰,丁未,庚辰,戊未,庚子,辛酉,己酉,乙亥,癸卯,丙辰,庚午,辛酉,甲辰,戊申,HSI,786350368627901625,2025-06-03 18:41:28.014756+08:00
474,2026-10-02 02:41:10.789742+08:00,乙丑,己酉,甲寅,庚午,壬子,辛酉,丙辰,丁未,壬辰,己申,庚子,辛酉,己酉,乙亥,癸卯,丙辰,庚午,辛酉,甲辰,戊申,HSI,9505301777823850806,2025-06-03 18:41:28.014756+08:00
475,2026-10-05 02:41:10.789742+08:00,辛丑,壬子,丁巳,丙午,壬子,辛酉,丙辰,丁未,戊辰,壬亥,辛子,辛酉,己酉,乙亥,癸卯,丙辰,庚午,辛酉,甲辰,戊申,HSI,7936456066602944476,2025-06-03 18:41:28.014756+08:00
476,2026-10-06 02:41:10.789742+08:00,癸丑,癸丑,戊午,戊午,壬子,辛酉,丙辰,丁未,庚辰,癸子,丙子,辛酉,己酉,乙亥,癸卯,丙辰,庚午,辛酉,甲辰,戊申,HSI,6372737646801793438,2025-06-03 18:41:28.014756+08:00
477,2026-10-07 02:41:10.789742+08:00,乙丑,甲寅,己未,庚午,壬子,辛酉,丙辰,丁未,壬辰,甲丑,丙子,辛酉,己酉,乙亥,癸卯,丙辰,庚午,辛酉,甲辰,戊申,HSI,13583020341078412204,2025-06-03 18:41:28.014756+08:00
478,2026-10-08 02:41:10.789742+08:00,丁丑,乙卯,庚申,壬午,壬子,辛酉,丙辰,丁未,甲辰,乙寅,丙子,辛酉,己酉,乙亥,癸卯,丙辰,庚午,辛酉,甲辰,戊申,HSI,3898630973582350270,2025-06-03 18:41:28.014756+08:00
479,2026-10-09 02:41:10.789742+08:00,己丑,丙辰,辛酉,甲午,戊戌,辛酉,丙辰,癸巳,丙辰,丙卯,戊戌,辛酉,己酉,乙亥,癸卯,丙辰,庚午,辛酉,甲辰,戊申,HSI,8335942599217943764,2025-06-03 18:41:28.014756+08:00
480,2026-10-12 02:41:10.789742+08:00,乙丑,己未,甲子,庚午,戊戌,辛酉,丙辰,癸巳,壬辰,己午,癸戌,辛戌,己酉,乙亥,癸卯,丙辰,庚午,辛酉,甲辰,戊申,HSI,1944626847414602752,2025-06-03 18:41:28.014756+08:00
481,2026-10-13 02:41:10.789742+08:00,丁丑,庚申,乙丑,壬午,戊戌,辛酉,丙辰,癸巳,甲辰,庚未,癸戌,辛戌,己酉,乙亥,癸卯,丙辰,庚午,辛酉,甲辰,戊申,HSI,3728628311075574119,2025-06-03 18:41:28.014756+08:00
482,2026-10-14 02:41:10.789742+08:00,己丑,辛酉,丙寅,甲午,戊戌,辛酉,丙辰,癸巳,丙辰,辛申,癸戌,辛戌,己酉,乙亥,癸卯,丙辰,庚午,辛酉,甲辰,戊申,HSI,3802810890185655941,2025-06-03 18:41:28.014756+08:00
483,2026-10-15 02:41:10.789742+08:00,辛丑,壬戌,丁卯,丙午,戊戌,辛酉,丙辰,癸巳,戊辰,壬酉,甲戌,辛戌,己酉,乙亥,癸卯,丙辰,庚午,辛酉,甲辰,戊申,HSI,8774592537800783725,2025-06-03 18:41:28.014756+08:00
484,2026-10-16 02:41:10.789742+08:00,癸丑,癸亥,戊辰,戊午,戊戌,辛酉,丙辰,癸巳,庚辰,癸戌,甲戌,辛戌,己酉,乙亥,癸卯,丙辰,庚午,辛酉,甲辰,戊申,HSI,2638535343070429505,2025-06-03 18:41:28.014756+08:00
485,2026-10-19 02:41:10.789742+08:00,己丑,丙寅,辛未,甲午,戊戌,辛酉,丙辰,癸巳,丙辰,丙丑,己戌,辛戌,己酉,乙亥,癸卯,丙辰,庚午,辛酉,甲辰,戊申,HSI,10899832869974301237,2025-06-03 18:41:28.014756+08:00
486,2026-10-20 02:41:10.789742+08:00,辛丑,丁卯,壬申,丙午,戊戌,辛酉,丙辰,癸巳,戊辰,丁寅,己戌,辛戌,己酉,乙亥,癸卯,丙辰,庚午,辛酉,甲辰,戊申,HSI,14920322940771855868,2025-06-03 18:41:28.014756+08:00
487,2026-10-21 02:41:10.789742+08:00,癸丑,戊辰,癸酉,戊午,戊戌,辛酉,丙辰,癸巳,庚辰,戊卯,庚戌,辛戌,己酉,乙亥,癸卯,丙辰,庚午,辛酉,甲辰,戊申,HSI,16045064558235199505,2025-06-03 18:41:28.014756+08:00
488,2026-10-22 02:41:10.789742+08:00,乙丑,己巳,甲戌,庚午,戊戌,辛酉,丙辰,癸巳,壬辰,己辰,庚戌,辛戌,己酉,乙亥,癸卯,丙辰,庚午,辛酉,甲辰,戊申,HSI,3013595658000512783,2025-06-03 18:41:28.014756+08:00
489,2026-10-23 02:41:10.789742+08:00,丁丑,庚午,乙亥,壬午,戊戌,辛酉,丙辰,癸巳,甲辰,庚巳,庚戌,辛戌,己酉,乙亥,癸卯,丙辰,庚午,辛酉,甲辰,戊申,HSI,5731909071544764510,2025-06-03 18:41:28.014756+08:00
490,2026-10-26 02:41:10.789742+08:00,癸丑,癸酉,戊寅,戊午,癸丑,辛酉,丙辰,戊申,庚辰,癸申,乙丑,辛戌,己酉,乙亥,癸卯,丙辰,庚午,辛酉,甲辰,戊申,HSI,11549147930006768373,2025-06-03 18:41:28.014756+08:00
491,2026-10-27 02:41:10.789742+08:00,乙丑,甲戌,己卯,庚午,癸丑,辛酉,丙辰,戊申,壬辰,甲酉,丙丑,辛戌,己酉,乙亥,癸卯,丙辰,庚午,辛酉,甲辰,戊申,HSI,3740446338531711743,2025-06-03 18:41:28.014756+08:00
492,2026-10-28 02:41:10.789742+08:00,丁丑,乙亥,庚辰,壬午,癸丑,辛酉,丙辰,戊申,甲辰,乙戌,丙丑,辛戌,己酉,乙亥,癸卯,丙辰,庚午,辛酉,甲辰,戊申,HSI,18084062967936380869,2025-06-03 18:41:28.014756+08:00
493,2026-10-29 02:41:10.789742+08:00,己丑,丙子,辛巳,甲午,癸丑,辛酉,丙辰,戊申,丙辰,丙亥,丙丑,辛戌,己酉,乙亥,癸卯,丙辰,庚午,辛酉,甲辰,戊申,HSI,10652381246661157527,2025-06-03 18:41:28.014756+08:00
494,2026-10-30 02:41:10.789742+08:00,辛丑,丁丑,壬午,丙午,癸丑,辛酉,丙辰,戊申,戊辰,丁子,辛丑,辛戌,己酉,乙亥,癸卯,丙辰,庚午,辛酉,甲辰,戊申,HSI,13336209900702581679,2025-06-03 18:41:28.014756+08:00
495,2026-11-02 02:41:10.789742+08:00,丁丑,庚辰,乙酉,壬午,癸丑,辛酉,丙辰,戊申,甲辰,庚卯,壬丑,辛戌,己酉,乙亥,癸卯,丙辰,庚午,辛酉,甲辰,戊申,HSI,11382605509787996655,2025-06-03 18:41:28.014756+08:00
496,2026-11-03 02:41:10.789742+08:00,己丑,辛巳,丙戌,甲午,癸丑,辛酉,丙辰,戊申,丙辰,辛辰,壬丑,辛戌,己酉,乙亥,癸卯,丙辰,庚午,辛酉,甲辰,戊申,HSI,7986808852785330745,2025-06-03 18:41:28.014756+08:00
497,2026-11-04 02:41:10.789742+08:00,辛丑,壬午,丁亥,丙午,癸丑,辛酉,丙辰,戊申,戊辰,壬巳,壬丑,辛戌,己酉,乙亥,癸卯,丙辰,庚午,辛酉,甲辰,戊申,HSI,1549100471725665641,2025-06-03 18:41:28.014756+08:00
498,2026-11-05 02:41:10.789742+08:00,癸丑,癸未,戊子,戊午,癸丑,辛酉,丙辰,戊申,庚辰,癸午,丁丑,辛戌,己酉,乙亥,癸卯,丙辰,庚午,辛酉,甲辰,戊申,HSI,12250253458809104930,2025-06-03 18:41:28.014756+08:00
499,2026-11-06 02:41:10.789742+08:00,乙丑,甲申,己丑,庚午,癸丑,辛酉,丙辰,戊申,壬辰,甲未,丁丑,辛戌,己酉,乙亥,癸卯,丙辰,庚午,辛酉,甲辰,戊申,HSI,3938111088244432560,2025-06-03 18:41:28.014756+08:00
500,2026-11-09 02:41:10.789742+08:00,辛丑,丁亥,壬辰,丙午,己亥,辛酉,丙辰,甲午,戊辰,丁戌,己亥,辛戌,己酉,乙亥,癸卯,丙辰,庚午,辛酉,甲辰,戊申,HSI,11014118240530933259,2025-06-03 18:41:28.014756+08:00
501,2026-11-10 02:41:10.789742+08:00,癸丑,戊子,癸巳,戊午,己亥,辛酉,丙辰,甲午,庚辰,戊亥,己亥,辛戌,己酉,乙亥,癸卯,丙辰,庚午,辛酉,甲辰,戊申,HSI,7561711684117441061,2025-06-03 18:41:28.014756+08:00
502,2026-11-11 02:41:10.789742+08:00,乙丑,己丑,甲午,庚午,己亥,辛酉,丙辰,甲午,壬辰,己子,甲亥,辛戌,己酉,乙亥,癸卯,丙辰,庚午,辛酉,甲辰,戊申,HSI,5195443164848573561,2025-06-03 18:41:28.014756+08:00
503,2026-11-12 02:41:10.789742+08:00,丁丑,庚寅,乙未,壬午,己亥,辛酉,丙辰,甲午,甲辰,庚丑,甲亥,辛戌,己酉,乙亥,癸卯,丙辰,庚午,辛酉,甲辰,戊申,HSI,2843684896422546823,2025-06-03 18:41:28.014756+08:00
504,2026-11-13 02:41:10.789742+08:00,己丑,辛卯,丙申,甲午,己亥,辛酉,丙辰,甲午,丙辰,辛寅,甲亥,辛戌,己酉,乙亥,癸卯,丙辰,庚午,辛酉,甲辰,戊申,HSI,8241738280825418745,2025-06-03 18:41:28.014756+08:00
505,2026-11-16 02:41:10.789742+08:00,乙丑,甲午,己亥,庚午,己亥,辛酉,丙辰,甲午,壬辰,甲巳,乙亥,辛戌,己酉,乙亥,癸卯,丙辰,庚午,辛酉,甲辰,戊申,HSI,8792418376334461483,2025-06-03 18:41:28.014756+08:00
506,2026-11-17 02:41:10.789742+08:00,丁丑,乙未,庚子,壬午,己亥,辛酉,丙辰,甲午,甲辰,乙午,庚亥,辛戌,己酉,乙亥,癸卯,丙辰,庚午,辛酉,甲辰,戊申,HSI,6600037971710390952,2025-06-03 18:41:28.014756+08:00
507,2026-11-18 02:41:10.789742+08:00,己丑,丙申,辛丑,甲午,己亥,辛酉,丙辰,甲午,丙辰,丙未,庚亥,辛戌,己酉,乙亥,癸卯,丙辰,庚午,辛酉,甲辰,戊申,HSI,16751485314673856929,2025-06-03 18:41:28.014756+08:00
508,2026-11-19 02:41:10.789742+08:00,辛丑,丁酉,壬寅,丙午,己亥,辛酉,丙辰,甲午,戊辰,丁申,庚亥,辛戌,己酉,乙亥,癸卯,丙辰,庚午,辛酉,甲辰,戊申,HSI,10786326822264620497,2025-06-03 18:41:28.014756+08:00
509,2026-11-20 02:41:10.789742+08:00,癸丑,戊戌,癸卯,戊午,己亥,辛酉,丙辰,甲午,庚辰,戊酉,辛亥,辛戌,己酉,乙亥,癸卯,丙辰,庚午,辛酉,甲辰,戊申,HSI,5456926927831103382,2025-06-03 18:41:28.014756+08:00
510,2026-11-23 02:41:10.789742+08:00,己丑,辛丑,丙午,甲午,甲寅,辛酉,丙辰,己酉,丙辰,辛子,丙寅,辛戌,己酉,乙亥,癸卯,丙辰,庚午,辛酉,甲辰,戊申,HSI,494145842801885177,2025-06-03 18:41:28.014756+08:00
511,2026-11-24 02:41:10.789742+08:00,辛丑,壬寅,丁未,丙午,甲寅,辛酉,丙辰,己酉,戊辰,壬丑,丙寅,辛戌,己酉,乙亥,癸卯,丙辰,庚午,辛酉,甲辰,戊申,HSI,637338629760557393,2025-06-03 18:41:28.014756+08:00
512,2026-11-25 02:41:10.789742+08:00,癸丑,癸卯,戊申,戊午,甲寅,辛酉,丙辰,己酉,庚辰,癸寅,丙寅,辛戌,己酉,乙亥,癸卯,丙辰,庚午,辛酉,甲辰,戊申,HSI,2959960536345462210,2025-06-03 18:41:28.014756+08:00
513,2026-11-26 02:41:10.789742+08:00,乙丑,甲辰,己酉,庚午,甲寅,辛酉,丙辰,己酉,壬辰,甲卯,丁寅,辛戌,己酉,乙亥,癸卯,丙辰,庚午,辛酉,甲辰,戊申,HSI,14669383914695530692,2025-06-03 18:41:28.014756+08:00
514,2026-11-27 02:41:10.789742+08:00,丁丑,乙巳,庚戌,壬午,甲寅,辛酉,丙辰,己酉,甲辰,乙辰,丁寅,辛戌,己酉,乙亥,癸卯,丙辰,庚午,辛酉,甲辰,戊申,HSI,4241141038111643231,2025-06-03 18:41:28.014756+08:00
515,2026-11-30 02:41:10.789742+08:00,癸丑,戊申,癸丑,戊午,甲寅,辛酉,丙辰,己酉,庚辰,戊未,壬寅,辛戌,己酉,乙亥,癸卯,丙辰,庚午,辛酉,甲辰,戊申,HSI,13718252889256797047,2025-06-03 18:41:28.014756+08:00
516,2026-12-01 02:41:10.789742+08:00,乙丑,己酉,甲寅,庚午,甲寅,辛酉,丙辰,己酉,壬辰,己申,壬寅,辛戌,己酉,乙亥,癸卯,丙辰,庚午,辛酉,甲辰,戊申,HSI,7579271503307939866,2025-06-03 18:41:28.014756+08:00
517,2026-12-02 02:41:10.789742+08:00,丁丑,庚戌,乙卯,壬午,甲寅,辛酉,丙辰,己酉,甲辰,庚酉,癸寅,辛戌,己酉,乙亥,癸卯,丙辰,庚午,辛酉,甲辰,戊申,HSI,5449589601160501516,2025-06-03 18:41:28.014756+08:00
518,2026-12-03 02:41:10.789742+08:00,己丑,辛亥,丙辰,甲午,甲寅,辛酉,丙辰,己酉,丙辰,辛戌,癸寅,辛戌,己酉,乙亥,癸卯,丙辰,庚午,辛酉,甲辰,戊申,HSI,12575941289288711016,2025-06-03 18:41:28.014756+08:00
519,2026-12-04 02:41:10.789742+08:00,辛丑,壬子,丁巳,丙午,甲寅,辛酉,丙辰,己酉,戊辰,壬亥,癸寅,辛戌,己酉,乙亥,癸卯,丙辰,庚午,辛酉,甲辰,戊申,HSI,5113242619891175174,2025-06-03 18:41:28.014756+08:00
520,2026-12-07 02:41:10.789742+08:00,丁丑,乙卯,庚申,壬午,甲寅,辛酉,丙辰,己酉,甲辰,乙寅,戊寅,辛戌,己酉,乙亥,癸卯,丙辰,庚午,辛酉,甲辰,戊申,HSI,3496038271143154580,2025-06-03 18:41:28.014756+08:00
521,2026-12-08 02:41:10.789742+08:00,己丑,丙辰,辛酉,甲午,庚子,辛酉,丙辰,乙未,丙辰,丙卯,庚子,辛戌,己酉,乙亥,癸卯,丙辰,庚午,辛酉,甲辰,戊申,HSI,17232793275234220801,2025-06-03 18:41:28.014756+08:00
522,2026-12-09 02:41:10.789742+08:00,辛丑,丁巳,壬戌,丙午,庚子,辛酉,丙辰,乙未,戊辰,丁辰,庚子,辛巳,己酉,乙亥,癸卯,丙辰,庚午,辛酉,甲辰,戊申,HSI,4358347453965529778,2025-06-03 18:41:28.014756+08:00
523,2026-12-10 02:41:10.789742+08:00,癸丑,戊午,癸亥,戊午,庚子,辛酉,丙辰,乙未,庚辰,戊巳,庚子,辛巳,己酉,乙亥,癸卯,丙辰,庚午,辛酉,甲辰,戊申,HSI,10129574506790682329,2025-06-03 18:41:28.014756+08:00
524,2026-12-11 02:41:10.789742+08:00,乙丑,己未,甲子,庚午,庚子,辛酉,丙辰,乙未,壬辰,己午,乙子,辛巳,己酉,乙亥,癸卯,丙辰,庚午,辛酉,甲辰,戊申,HSI,10048837841094937189,2025-06-03 18:41:28.014756+08:00
525,2026-12-14 02:41:10.789742+08:00,辛丑,壬戌,丁卯,丙午,庚子,辛酉,丙辰,乙未,戊辰,壬酉,丙子,辛巳,己酉,乙亥,癸卯,丙辰,庚午,辛酉,甲辰,戊申,HSI,3716779254056912433,2025-06-03 18:41:28.014756+08:00
526,2026-12-15 02:41:10.789742+08:00,癸丑,癸亥,戊辰,戊午,庚子,辛酉,丙辰,乙未,庚辰,癸戌,丙子,辛巳,己酉,乙亥,癸卯,丙辰,庚午,辛酉,甲辰,戊申,HSI,1616709242522512271,2025-06-03 18:41:28.014756+08:00
527,2026-12-16 02:41:10.789742+08:00,乙丑,甲子,己巳,庚午,庚子,辛酉,丙辰,乙未,壬辰,甲亥,丙子,辛巳,己酉,乙亥,癸卯,丙辰,庚午,辛酉,甲辰,戊申,HSI,18433056511046154279,2025-06-03 18:41:28.014756+08:00
